"Uge";"Aldersgruppe";"Vaccinationsstatus";"Bekræftede tilfælde";"sort_Var";"Befolkningstørrelse";"Bekræftede tilfælde pr. 100.000"
2020-U52;5-11;Uvaccinerede;1404;0;436558;321,61
2020-U52;5-11;1. stik;0;1;0;0,00
2020-U52;5-11;2. stik;0;2;0;0,00
2020-U52;5-11;3. stik;0;3;0;0,00
2020-U52;12-15;Uvaccinerede;784;0;299024;262,19
2020-U52;12-15;1. stik;0;1;0;0,00
2020-U52;12-15;2. stik;0;2;0;0,00
2020-U52;12-15;3. stik;0;3;0;0,00
2020-U52;16-19;Uvaccinerede;1063;0;279602;380,18
2020-U52;16-19;1. stik;1;1;1;100000,00
2020-U52;16-19;2. stik;0;2;0;0,00
2020-U52;16-19;3. stik;0;3;0;0,00
2020-U52;20-39;Uvaccinerede;5221;0;1495563;349,10
2020-U52;20-39;1. stik;5;1;8;62500,00
2020-U52;20-39;2. stik;0;2;0;0,00
2020-U52;20-39;3. stik;0;3;0;0,00
2020-U52;40-64;Uvaccinerede;5893;0;1907216;308,98
2020-U52;40-64;1. stik;3;1;7;42857,14
2020-U52;40-64;2. stik;0;2;0;0,00
2020-U52;40-64;3. stik;0;3;0;0,00
2020-U52;65-79;Uvaccinerede;1472;0;887385;165,88
2020-U52;65-79;1. stik;0;1;1;0,00
2020-U52;65-79;2. stik;0;2;0;0,00
2020-U52;65-79;3. stik;0;3;0;0,00
2020-U52;80+;Uvaccinerede;686;0;259636;264,22
2020-U52;80+;1. stik;0;1;3;0,00
2020-U52;80+;2. stik;0;2;0;0,00
2020-U52;80+;3. stik;0;3;0;0,00
2020-U53;5-11;Uvaccinerede;878;0;436558;201,12
2020-U53;5-11;1. stik;0;1;0;0,00
2020-U53;5-11;2. stik;0;2;0;0,00
2020-U53;5-11;3. stik;0;3;0;0,00
2020-U53;12-15;Uvaccinerede;637;0;299023;213,03
2020-U53;12-15;1. stik;0;1;2;0,00
2020-U53;12-15;2. stik;0;2;0;0,00
2020-U53;12-15;3. stik;0;3;0;0,00
2020-U53;16-19;Uvaccinerede;852;0;279520;304,81
2020-U53;16-19;1. stik;0;1;84;0,00
2020-U53;16-19;2. stik;0;2;0;0,00
2020-U53;16-19;3. stik;0;3;0;0,00
2020-U53;20-39;Uvaccinerede;4479;0;1490188;300,57
2020-U53;20-39;1. stik;85;1;5384;1578,75
2020-U53;20-39;2. stik;0;2;0;0,00
2020-U53;20-39;3. stik;0;3;0;0,00
2020-U53;40-64;Uvaccinerede;4818;0;1895683;254,16
2020-U53;40-64;1. stik;95;1;11541;823,15
2020-U53;40-64;2. stik;0;2;0;0,00
2020-U53;40-64;3. stik;0;3;0;0,00
2020-U53;65-79;Uvaccinerede;1484;0;884560;167,77
2020-U53;65-79;1. stik;41;1;2826;1450,81
2020-U53;65-79;2. stik;0;2;0;0,00
2020-U53;65-79;3. stik;0;3;0;0,00
2020-U53;80+;Uvaccinerede;780;0;256022;304,66
2020-U53;80+;1. stik;67;1;3617;1852,36
2020-U53;80+;2. stik;0;2;0;0,00
2020-U53;80+;3. stik;0;3;0;0,00
2021-U01;5-11;Uvaccinerede;656;0;436558;150,27
2021-U01;5-11;1. stik;0;1;0;0,00
2021-U01;5-11;2. stik;0;2;0;0,00
2021-U01;5-11;3. stik;0;3;0;0,00
2021-U01;12-15;Uvaccinerede;458;0;299022;153,17
2021-U01;12-15;1. stik;0;1;2;0,00
2021-U01;12-15;2. stik;0;2;0;0,00
2021-U01;12-15;3. stik;0;3;0;0,00
2021-U01;16-19;Uvaccinerede;747;0;279268;267,48
2021-U01;16-19;1. stik;1;1;336;297,62
2021-U01;16-19;2. stik;0;2;0;0,00
2021-U01;16-19;3. stik;0;3;0;0,00
2021-U01;20-39;Uvaccinerede;3377;0;1480246;228,14
2021-U01;20-39;1. stik;172;1;15325;1122,35
2021-U01;20-39;2. stik;0;2;0;0,00
2021-U01;20-39;3. stik;0;3;0;0,00
2021-U01;40-64;Uvaccinerede;3523;0;1870141;188,38
2021-U01;40-64;1. stik;338;1;37083;911,47
2021-U01;40-64;2. stik;0;2;0;0,00
2021-U01;40-64;3. stik;0;3;0;0,00
2021-U01;65-79;Uvaccinerede;924;0;877125;105,34
2021-U01;65-79;1. stik;120;1;10261;1169,48
2021-U01;65-79;2. stik;0;2;0;0,00
2021-U01;65-79;3. stik;0;3;0;0,00
2021-U01;80+;Uvaccinerede;432;0;245484;175,98
2021-U01;80+;1. stik;258;1;14155;1822,68
2021-U01;80+;2. stik;0;2;0;0,00
2021-U01;80+;3. stik;0;3;0;0,00
2021-U02;5-11;Uvaccinerede;402;0;436558;92,08
2021-U02;5-11;1. stik;0;1;1;0,00
2021-U02;5-11;2. stik;0;2;0;0,00
2021-U02;5-11;3. stik;0;3;0;0,00
2021-U02;12-15;Uvaccinerede;251;0;299022;83,94
2021-U02;12-15;1. stik;0;1;3;0,00
2021-U02;12-15;2. stik;0;2;0;0,00
2021-U02;12-15;3. stik;0;3;0;0,00
2021-U02;16-19;Uvaccinerede;356;0;279062;127,57
2021-U02;16-19;1. stik;4;1;542;738,01
2021-U02;16-19;2. stik;0;2;0;0,00
2021-U02;16-19;3. stik;0;3;0;0,00
2021-U02;20-39;Uvaccinerede;1893;0;1471591;128,64
2021-U02;20-39;1. stik;150;1;23981;625,50
2021-U02;20-39;2. stik;0;2;0;0,00
2021-U02;20-39;3. stik;0;3;0;0,00
2021-U02;40-64;Uvaccinerede;2250;0;1849550;121,65
2021-U02;40-64;1. stik;318;1;57672;551,39
2021-U02;40-64;2. stik;0;2;2;0,00
2021-U02;40-64;3. stik;0;3;0;0,00
2021-U02;65-79;Uvaccinerede;535;0;868663;61,59
2021-U02;65-79;1. stik;120;1;18723;640,92
2021-U02;65-79;2. stik;0;2;0;0,00
2021-U02;65-79;3. stik;0;3;0;0,00
2021-U02;80+;Uvaccinerede;243;0;235644;103,12
2021-U02;80+;1. stik;282;1;23995;1175,24
2021-U02;80+;2. stik;0;2;0;0,00
2021-U02;80+;3. stik;0;3;0;0,00
2021-U03;5-11;Uvaccinerede;308;0;436557;70,55
2021-U03;5-11;1. stik;0;1;1;0,00
2021-U03;5-11;2. stik;0;2;0;0,00
2021-U03;5-11;3. stik;0;3;0;0,00
2021-U03;12-15;Uvaccinerede;203;0;299021;67,89
2021-U03;12-15;1. stik;0;1;4;0,00
2021-U03;12-15;2. stik;0;2;0;0,00
2021-U03;12-15;3. stik;0;3;0;0,00
2021-U03;16-19;Uvaccinerede;225;0;278906;80,67
2021-U03;16-19;1. stik;0;1;697;0,00
2021-U03;16-19;2. stik;0;2;0;0,00
2021-U03;16-19;3. stik;0;3;0;0,00
2021-U03;20-39;Uvaccinerede;1535;0;1465468;104,74
2021-U03;20-39;1. stik;98;1;30101;325,57
2021-U03;20-39;2. stik;0;2;3;0,00
2021-U03;20-39;3. stik;0;3;0;0,00
2021-U03;40-64;Uvaccinerede;1733;0;1836862;94,35
2021-U03;40-64;1. stik;207;1;70358;294,21
2021-U03;40-64;2. stik;0;2;4;0,00
2021-U03;40-64;3. stik;0;3;0;0,00
2021-U03;65-79;Uvaccinerede;430;0;859899;50,01
2021-U03;65-79;1. stik;81;1;27487;294,68
2021-U03;65-79;2. stik;0;2;0;0,00
2021-U03;65-79;3. stik;0;3;0;0,00
2021-U03;80+;Uvaccinerede;202;0;226102;89,34
2021-U03;80+;1. stik;133;1;33537;396,58
2021-U03;80+;2. stik;0;2;1;0,00
2021-U03;80+;3. stik;0;3;0;0,00
2021-U04;5-11;Uvaccinerede;247;0;436557;56,58
2021-U04;5-11;1. stik;0;1;1;0,00
2021-U04;5-11;2. stik;0;2;0;0,00
2021-U04;5-11;3. stik;0;3;0;0,00
2021-U04;12-15;Uvaccinerede;165;0;299019;55,18
2021-U04;12-15;1. stik;0;1;5;0,00
2021-U04;12-15;2. stik;0;2;0;0,00
2021-U04;12-15;3. stik;0;3;0;0,00
2021-U04;16-19;Uvaccinerede;171;0;278861;61,32
2021-U04;16-19;1. stik;0;1;743;0,00
2021-U04;16-19;2. stik;0;2;1;0,00
2021-U04;16-19;3. stik;0;3;0;0,00
2021-U04;20-39;Uvaccinerede;1037;0;1464502;70,81
2021-U04;20-39;1. stik;42;1;31047;135,28
2021-U04;20-39;2. stik;0;2;23;0,00
2021-U04;20-39;3. stik;0;3;0;0,00
2021-U04;40-64;Uvaccinerede;1181;0;1834729;64,37
2021-U04;40-64;1. stik;90;1;72444;124,23
2021-U04;40-64;2. stik;0;2;51;0,00
2021-U04;40-64;3. stik;0;3;0;0,00
2021-U04;65-79;Uvaccinerede;313;0;858859;36,44
2021-U04;65-79;1. stik;36;1;28512;126,26
2021-U04;65-79;2. stik;0;2;16;0,00
2021-U04;65-79;3. stik;0;3;0;0,00
2021-U04;80+;Uvaccinerede;122;0;225048;54,21
2021-U04;80+;1. stik;82;1;34571;237,19
2021-U04;80+;2. stik;0;2;21;0,00
2021-U04;80+;3. stik;0;3;0;0,00
2021-U05;5-11;Uvaccinerede;203;0;436557;46,50
2021-U05;5-11;1. stik;0;1;1;0,00
2021-U05;5-11;2. stik;0;2;0;0,00
2021-U05;5-11;3. stik;0;3;0;0,00
2021-U05;12-15;Uvaccinerede;135;0;299019;45,15
2021-U05;12-15;1. stik;0;1;4;0,00
2021-U05;12-15;2. stik;0;2;2;0,00
2021-U05;12-15;3. stik;0;3;0;0,00
2021-U05;16-19;Uvaccinerede;148;0;278795;53,09
2021-U05;16-19;1. stik;0;1;773;0,00
2021-U05;16-19;2. stik;0;2;37;0,00
2021-U05;16-19;3. stik;0;3;0;0,00
2021-U05;20-39;Uvaccinerede;985;0;1463404;67,31
2021-U05;20-39;1. stik;19;1;30176;62,96
2021-U05;20-39;2. stik;0;2;1993;0,00
2021-U05;20-39;3. stik;0;3;0;0,00
2021-U05;40-64;Uvaccinerede;1025;0;1832358;55,94
2021-U05;40-64;1. stik;41;1;69744;58,79
2021-U05;40-64;2. stik;0;2;5122;0,00
2021-U05;40-64;3. stik;0;3;0;0,00
2021-U05;65-79;Uvaccinerede;278;0;857258;32,43
2021-U05;65-79;1. stik;30;1;28365;105,76
2021-U05;65-79;2. stik;2;2;1763;113,44
2021-U05;65-79;3. stik;0;3;0;0,00
2021-U05;80+;Uvaccinerede;86;0;223184;38,53
2021-U05;80+;1. stik;55;1;33936;162,07
2021-U05;80+;2. stik;0;2;2519;0,00
2021-U05;80+;3. stik;0;3;0;0,00
2021-U06;5-11;Uvaccinerede;250;0;436557;57,27
2021-U06;5-11;1. stik;0;1;1;0,00
2021-U06;5-11;2. stik;0;2;0;0,00
2021-U06;5-11;3. stik;0;3;0;0,00
2021-U06;12-15;Uvaccinerede;134;0;299017;44,81
2021-U06;12-15;1. stik;1;1;6;16666,67
2021-U06;12-15;2. stik;0;2;2;0,00
2021-U06;12-15;3. stik;0;3;0;0,00
2021-U06;16-19;Uvaccinerede;146;0;278692;52,39
2021-U06;16-19;1. stik;0;1;727;0,00
2021-U06;16-19;2. stik;0;2;184;0,00
2021-U06;16-19;3. stik;0;3;0;0,00
2021-U06;20-39;Uvaccinerede;854;0;1460479;58,47
2021-U06;20-39;1. stik;14;1;26523;52,78
2021-U06;20-39;2. stik;1;2;8570;11,67
2021-U06;20-39;3. stik;0;3;0;0,00
2021-U06;40-64;Uvaccinerede;923;0;1827173;50,52
2021-U06;40-64;1. stik;27;1;57996;46,55
2021-U06;40-64;2. stik;1;2;22055;4,53
2021-U06;40-64;3. stik;0;3;0;0,00
2021-U06;65-79;Uvaccinerede;207;0;855656;24,19
2021-U06;65-79;1. stik;16;1;24374;65,64
2021-U06;65-79;2. stik;1;2;7356;13,59
2021-U06;65-79;3. stik;0;3;0;0,00
2021-U06;80+;Uvaccinerede;54;0;214495;25,18
2021-U06;80+;1. stik;14;1;34768;40,27
2021-U06;80+;2. stik;5;2;10376;48,19
2021-U06;80+;3. stik;0;3;0;0,00
2021-U07;5-11;Uvaccinerede;347;0;436557;79,49
2021-U07;5-11;1. stik;0;1;1;0,00
2021-U07;5-11;2. stik;0;2;0;0,00
2021-U07;5-11;3. stik;0;3;0;0,00
2021-U07;12-15;Uvaccinerede;152;0;299015;50,83
2021-U07;12-15;1. stik;0;1;7;0,00
2021-U07;12-15;2. stik;0;2;2;0,00
2021-U07;12-15;3. stik;0;3;0;0,00
2021-U07;16-19;Uvaccinerede;210;0;278354;75,44
2021-U07;16-19;1. stik;0;1;782;0,00
2021-U07;16-19;2. stik;0;2;469;0,00
2021-U07;16-19;3. stik;0;3;0;0,00
2021-U07;20-39;Uvaccinerede;1091;0;1451658;75,16
2021-U07;20-39;1. stik;19;1;24804;76,60
2021-U07;20-39;2. stik;3;2;19111;15,70
2021-U07;20-39;3. stik;0;3;1;0,00
2021-U07;40-64;Uvaccinerede;1065;0;1809891;58,84
2021-U07;40-64;1. stik;15;1;48061;31,21
2021-U07;40-64;2. stik;9;2;49272;18,27
2021-U07;40-64;3. stik;0;3;0;0,00
2021-U07;65-79;Uvaccinerede;222;0;851527;26,07
2021-U07;65-79;1. stik;3;1;18744;16,01
2021-U07;65-79;2. stik;5;2;17116;29,21
2021-U07;65-79;3. stik;0;3;0;0,00
2021-U07;80+;Uvaccinerede;46;0;183239;25,10
2021-U07;80+;1. stik;9;1;54027;16,66
2021-U07;80+;2. stik;6;2;22374;26,82
2021-U07;80+;3. stik;0;3;0;0,00
2021-U08;5-11;Uvaccinerede;376;0;436557;86,13
2021-U08;5-11;1. stik;0;1;1;0,00
2021-U08;5-11;2. stik;0;2;0;0,00
2021-U08;5-11;3. stik;0;3;0;0,00
2021-U08;12-15;Uvaccinerede;190;0;299011;63,54
2021-U08;12-15;1. stik;0;1;11;0,00
2021-U08;12-15;2. stik;0;2;3;0,00
2021-U08;12-15;3. stik;0;3;0;0,00
2021-U08;16-19;Uvaccinerede;223;0;277852;80,26
2021-U08;16-19;1. stik;3;1;1114;269,30
2021-U08;16-19;2. stik;0;2;639;0,00
2021-U08;16-19;3. stik;0;3;0;0,00
2021-U08;20-39;Uvaccinerede;1225;0;1438055;85,18
2021-U08;20-39;1. stik;21;1;31264;67,17
2021-U08;20-39;2. stik;3;2;26252;11,43
2021-U08;20-39;3. stik;0;3;1;0,00
2021-U08;40-64;Uvaccinerede;1124;0;1780853;63,12
2021-U08;40-64;1. stik;37;1;62209;59,48
2021-U08;40-64;2. stik;15;2;64163;23,38
2021-U08;40-64;3. stik;0;3;0;0,00
2021-U08;65-79;Uvaccinerede;240;0;838999;28,61
2021-U08;65-79;1. stik;10;1;23420;42,70
2021-U08;65-79;2. stik;5;2;24967;20,03
2021-U08;65-79;3. stik;0;3;0;0,00
2021-U08;80+;Uvaccinerede;51;0;148099;34,44
2021-U08;80+;1. stik;27;1;79930;33,78
2021-U08;80+;2. stik;10;2;31610;31,64
2021-U08;80+;3. stik;0;3;0;0,00
2021-U09;5-11;Uvaccinerede;427;0;436557;97,81
2021-U09;5-11;1. stik;0;1;1;0,00
2021-U09;5-11;2. stik;0;2;0;0,00
2021-U09;5-11;3. stik;0;3;0;0,00
2021-U09;12-15;Uvaccinerede;191;0;298985;63,88
2021-U09;12-15;1. stik;0;1;37;0,00
2021-U09;12-15;2. stik;0;2;3;0,00
2021-U09;12-15;3. stik;0;3;0;0,00
2021-U09;16-19;Uvaccinerede;240;0;277042;86,63
2021-U09;16-19;1. stik;1;1;1850;54,05
2021-U09;16-19;2. stik;0;2;712;0,00
2021-U09;16-19;3. stik;0;3;0;0,00
2021-U09;20-39;Uvaccinerede;1151;0;1417502;81,20
2021-U09;20-39;1. stik;31;1;48491;63,93
2021-U09;20-39;2. stik;3;2;29578;10,14
2021-U09;20-39;3. stik;0;3;1;0,00
2021-U09;40-64;Uvaccinerede;1094;0;1734252;63,08
2021-U09;40-64;1. stik;49;1;102991;47,58
2021-U09;40-64;2. stik;18;2;69981;25,72
2021-U09;40-64;3. stik;0;3;0;0,00
2021-U09;65-79;Uvaccinerede;200;0;810472;24,68
2021-U09;65-79;1. stik;21;1;49474;42,45
2021-U09;65-79;2. stik;2;2;27441;7,29
2021-U09;65-79;3. stik;0;3;0;0,00
2021-U09;80+;Uvaccinerede;46;0;133950;34,34
2021-U09;80+;1. stik;19;1;92349;20,57
2021-U09;80+;2. stik;5;2;33340;15,00
2021-U09;80+;3. stik;0;3;0;0,00
2021-U10;5-11;Uvaccinerede;465;0;436557;106,52
2021-U10;5-11;1. stik;0;1;1;0,00
2021-U10;5-11;2. stik;0;2;0;0,00
2021-U10;5-11;3. stik;0;3;0;0,00
2021-U10;12-15;Uvaccinerede;210;0;298965;70,24
2021-U10;12-15;1. stik;1;1;57;1754,39
2021-U10;12-15;2. stik;0;2;3;0,00
2021-U10;12-15;3. stik;0;3;0;0,00
2021-U10;16-19;Uvaccinerede;267;0;276344;96,62
2021-U10;16-19;1. stik;3;1;2490;120,48
2021-U10;16-19;2. stik;0;2;770;0,00
2021-U10;16-19;3. stik;0;3;0;0,00
2021-U10;20-39;Uvaccinerede;1231;0;1398900;88,00
2021-U10;20-39;1. stik;38;1;65871;57,69
2021-U10;20-39;2. stik;3;2;30801;9,74
2021-U10;20-39;3. stik;0;3;2;0,00
2021-U10;40-64;Uvaccinerede;1145;0;1699216;67,38
2021-U10;40-64;1. stik;73;1;135422;53,91
2021-U10;40-64;2. stik;10;2;72585;13,78
2021-U10;40-64;3. stik;0;3;1;0,00
2021-U10;65-79;Uvaccinerede;159;0;790200;20,12
2021-U10;65-79;1. stik;25;1;67993;36,77
2021-U10;65-79;2. stik;3;2;29192;10,28
2021-U10;65-79;3. stik;0;3;2;0,00
2021-U10;80+;Uvaccinerede;35;0;124324;28,15
2021-U10;80+;1. stik;16;1;100648;15,90
2021-U10;80+;2. stik;2;2;34667;5,77
2021-U10;80+;3. stik;0;3;1;0,00
2021-U11;5-11;Uvaccinerede;585;0;436557;134,00
2021-U11;5-11;1. stik;0;1;1;0,00
2021-U11;5-11;2. stik;0;2;0;0,00
2021-U11;5-11;3. stik;0;3;0;0,00
2021-U11;12-15;Uvaccinerede;270;0;298952;90,32
2021-U11;12-15;1. stik;0;1;67;0,00
2021-U11;12-15;2. stik;0;2;6;0,00
2021-U11;12-15;3. stik;0;3;0;0,00
2021-U11;16-19;Uvaccinerede;332;0;276081;120,25
2021-U11;16-19;1. stik;1;1;2685;37,24
2021-U11;16-19;2. stik;0;2;838;0,00
2021-U11;16-19;3. stik;0;3;0;0,00
2021-U11;20-39;Uvaccinerede;1435;0;1393448;102,98
2021-U11;20-39;1. stik;40;1;70018;57,13
2021-U11;20-39;2. stik;10;2;32105;31,15
2021-U11;20-39;3. stik;0;3;2;0,00
2021-U11;40-64;Uvaccinerede;1334;0;1687415;79,06
2021-U11;40-64;1. stik;79;1;144399;54,71
2021-U11;40-64;2. stik;13;2;75407;17,24
2021-U11;40-64;3. stik;0;3;4;0,00
2021-U11;65-79;Uvaccinerede;223;0;779805;28,60
2021-U11;65-79;1. stik;18;1;76553;23,51
2021-U11;65-79;2. stik;5;2;31022;16,12
2021-U11;65-79;3. stik;0;3;6;0,00
2021-U11;80+;Uvaccinerede;26;0;111063;23,41
2021-U11;80+;1. stik;19;1;108465;17,52
2021-U11;80+;2. stik;3;2;40109;7,48
2021-U11;80+;3. stik;0;3;2;0,00
2021-U12;5-11;Uvaccinerede;566;0;436557;129,65
2021-U12;5-11;1. stik;0;1;1;0,00
2021-U12;5-11;2. stik;0;2;0;0,00
2021-U12;5-11;3. stik;0;3;0;0,00
2021-U12;12-15;Uvaccinerede;277;0;298948;92,66
2021-U12;12-15;1. stik;0;1;70;0,00
2021-U12;12-15;2. stik;0;2;7;0,00
2021-U12;12-15;3. stik;0;3;0;0,00
2021-U12;16-19;Uvaccinerede;355;0;275813;128,71
2021-U12;16-19;1. stik;1;1;2892;34,58
2021-U12;16-19;2. stik;0;2;898;0,00
2021-U12;16-19;3. stik;0;3;0;0,00
2021-U12;20-39;Uvaccinerede;1675;0;1389341;120,56
2021-U12;20-39;1. stik;45;1;72683;61,91
2021-U12;20-39;2. stik;9;2;33545;26,83
2021-U12;20-39;3. stik;0;3;4;0,00
2021-U12;40-64;Uvaccinerede;1542;0;1677966;91,90
2021-U12;40-64;1. stik;78;1;150410;51,86
2021-U12;40-64;2. stik;25;2;78841;31,71
2021-U12;40-64;3. stik;0;3;8;0,00
2021-U12;65-79;Uvaccinerede;256;0;769520;33,27
2021-U12;65-79;1. stik;23;1;83369;27,59
2021-U12;65-79;2. stik;3;2;34487;8,70
2021-U12;65-79;3. stik;0;3;10;0,00
2021-U12;80+;Uvaccinerede;31;0;87542;35,41
2021-U12;80+;1. stik;21;1;101253;20,74
2021-U12;80+;2. stik;9;2;70837;12,71
2021-U12;80+;3. stik;0;3;8;0,00
2021-U13;5-11;Uvaccinerede;438;0;436557;100,33
2021-U13;5-11;1. stik;0;1;2;0,00
2021-U13;5-11;2. stik;0;2;0;0,00
2021-U13;5-11;3. stik;0;3;0;0,00
2021-U13;12-15;Uvaccinerede;239;0;298946;79,95
2021-U13;12-15;1. stik;0;1;70;0,00
2021-U13;12-15;2. stik;0;2;9;0,00
2021-U13;12-15;3. stik;0;3;0;0,00
2021-U13;16-19;Uvaccinerede;365;0;275600;132,44
2021-U13;16-19;1. stik;1;1;2958;33,81
2021-U13;16-19;2. stik;0;2;1046;0,00
2021-U13;16-19;3. stik;0;3;0;0,00
2021-U13;20-39;Uvaccinerede;1456;0;1385999;105,05
2021-U13;20-39;1. stik;31;1;73436;42,21
2021-U13;20-39;2. stik;10;2;36134;27,67
2021-U13;20-39;3. stik;0;3;4;0,00
2021-U13;40-64;Uvaccinerede;1351;0;1667871;81,00
2021-U13;40-64;1. stik;69;1;152606;45,21
2021-U13;40-64;2. stik;10;2;86737;11,53
2021-U13;40-64;3. stik;0;3;10;0,00
2021-U13;65-79;Uvaccinerede;232;0;739846;31,36
2021-U13;65-79;1. stik;29;1;101054;28,70
2021-U13;65-79;2. stik;8;2;46477;17,21
2021-U13;65-79;3. stik;0;3;10;0,00
2021-U13;80+;Uvaccinerede;28;0;53924;51,92
2021-U13;80+;1. stik;20;1;99220;20,16
2021-U13;80+;2. stik;9;2;106488;8,45
2021-U13;80+;3. stik;0;3;8;0,00
2021-U14;5-11;Uvaccinerede;361;0;436556;82,69
2021-U14;5-11;1. stik;0;1;2;0,00
2021-U14;5-11;2. stik;0;2;0;0,00
2021-U14;5-11;3. stik;0;3;0;0,00
2021-U14;12-15;Uvaccinerede;278;0;298945;92,99
2021-U14;12-15;1. stik;0;1;64;0,00
2021-U14;12-15;2. stik;0;2;16;0,00
2021-U14;12-15;3. stik;0;3;0;0,00
2021-U14;16-19;Uvaccinerede;469;0;275399;170,30
2021-U14;16-19;1. stik;5;1;2895;172,71
2021-U14;16-19;2. stik;2;2;1310;152,67
2021-U14;16-19;3. stik;0;3;0;0,00
2021-U14;20-39;Uvaccinerede;1541;0;1383337;111,40
2021-U14;20-39;1. stik;43;1;72331;59,45
2021-U14;20-39;2. stik;15;2;39900;37,59
2021-U14;20-39;3. stik;0;3;4;0,00
2021-U14;40-64;Uvaccinerede;1321;0;1660374;79,56
2021-U14;40-64;1. stik;64;1;147171;43,49
2021-U14;40-64;2. stik;27;2;99667;27,09
2021-U14;40-64;3. stik;0;3;12;0,00
2021-U14;65-79;Uvaccinerede;241;0;684007;35,23
2021-U14;65-79;1. stik;22;1;134882;16,31
2021-U14;65-79;2. stik;8;2;68485;11,68
2021-U14;65-79;3. stik;0;3;13;0,00
2021-U14;80+;Uvaccinerede;13;0;34040;38,19
2021-U14;80+;1. stik;25;1;105147;23,78
2021-U14;80+;2. stik;13;2;120444;10,79
2021-U14;80+;3. stik;0;3;8;0,00
2021-U15;5-11;Uvaccinerede;523;0;436556;119,80
2021-U15;5-11;1. stik;0;1;2;0,00
2021-U15;5-11;2. stik;0;2;0;0,00
2021-U15;5-11;3. stik;0;3;0;0,00
2021-U15;12-15;Uvaccinerede;311;0;298942;104,03
2021-U15;12-15;1. stik;0;1;52;0,00
2021-U15;12-15;2. stik;0;2;31;0,00
2021-U15;12-15;3. stik;0;3;0;0,00
2021-U15;16-19;Uvaccinerede;496;0;275197;180,23
2021-U15;16-19;1. stik;3;1;2843;105,52
2021-U15;16-19;2. stik;0;2;1565;0,00
2021-U15;16-19;3. stik;0;3;0;0,00
2021-U15;20-39;Uvaccinerede;1692;0;1380574;122,56
2021-U15;20-39;1. stik;55;1;71698;76,71
2021-U15;20-39;2. stik;8;2;43296;18,48
2021-U15;20-39;3. stik;0;3;5;0,00
2021-U15;40-64;Uvaccinerede;1462;0;1653740;88,41
2021-U15;40-64;1. stik;65;1;142853;45,50
2021-U15;40-64;2. stik;26;2;110618;23,50
2021-U15;40-64;3. stik;0;3;14;0,00
2021-U15;65-79;Uvaccinerede;158;0;530277;29,80
2021-U15;65-79;1. stik;55;1;268823;20,46
2021-U15;65-79;2. stik;8;2;88270;9,06
2021-U15;65-79;3. stik;0;3;17;0,00
2021-U15;80+;Uvaccinerede;9;0;21446;41,97
2021-U15;80+;1. stik;8;1;109516;7,30
2021-U15;80+;2. stik;20;2;128669;15,54
2021-U15;80+;3. stik;0;3;8;0,00
2021-U16;5-11;Uvaccinerede;552;0;436556;126,44
2021-U16;5-11;1. stik;0;1;2;0,00
2021-U16;5-11;2. stik;0;2;0;0,00
2021-U16;5-11;3. stik;0;3;0;0,00
2021-U16;12-15;Uvaccinerede;359;0;298941;120,09
2021-U16;12-15;1. stik;0;1;31;0,00
2021-U16;12-15;2. stik;0;2;53;0,00
2021-U16;12-15;3. stik;0;3;0;0,00
2021-U16;16-19;Uvaccinerede;375;0;275021;136,35
2021-U16;16-19;1. stik;2;1;2803;71,35
2021-U16;16-19;2. stik;0;2;1780;0,00
2021-U16;16-19;3. stik;0;3;0;0,00
2021-U16;20-39;Uvaccinerede;1543;0;1378392;111,94
2021-U16;20-39;1. stik;43;1;70261;61,20
2021-U16;20-39;2. stik;11;2;46914;23,45
2021-U16;20-39;3. stik;0;3;6;0,00
2021-U16;40-64;Uvaccinerede;1489;0;1648470;90,33
2021-U16;40-64;1. stik;65;1;138543;46,92
2021-U16;40-64;2. stik;35;2;120193;29,12
2021-U16;40-64;3. stik;0;3;18;0,00
2021-U16;65-79;Uvaccinerede;132;0;395923;33,34
2021-U16;65-79;1. stik;78;1;390054;20,00
2021-U16;65-79;2. stik;12;2;101388;11,84
2021-U16;65-79;3. stik;0;3;21;0,00
2021-U16;80+;Uvaccinerede;5;0;18090;27,64
2021-U16;80+;1. stik;17;1;103406;16,44
2021-U16;80+;2. stik;18;2;138135;13,03
2021-U16;80+;3. stik;0;3;9;0,00
2021-U17;5-11;Uvaccinerede;477;0;436556;109,26
2021-U17;5-11;1. stik;0;1;3;0,00
2021-U17;5-11;2. stik;0;2;0;0,00
2021-U17;5-11;3. stik;0;3;0;0,00
2021-U17;12-15;Uvaccinerede;324;0;298938;108,38
2021-U17;12-15;1. stik;0;1;21;0,00
2021-U17;12-15;2. stik;0;2;66;0,00
2021-U17;12-15;3. stik;0;3;0;0,00
2021-U17;16-19;Uvaccinerede;479;0;274838;174,28
2021-U17;16-19;1. stik;3;1;2679;111,98
2021-U17;16-19;2. stik;1;2;2088;47,89
2021-U17;16-19;3. stik;0;3;0;0,00
2021-U17;20-39;Uvaccinerede;1940;0;1376321;140,96
2021-U17;20-39;1. stik;58;1;67278;86,21
2021-U17;20-39;2. stik;15;2;51966;28,87
2021-U17;20-39;3. stik;0;3;7;0,00
2021-U17;40-64;Uvaccinerede;1658;0;1638824;101,17
2021-U17;40-64;1. stik;81;1;136372;59,40
2021-U17;40-64;2. stik;36;2;132004;27,27
2021-U17;40-64;3. stik;0;3;24;0,00
2021-U17;65-79;Uvaccinerede;127;0;255213;49,76
2021-U17;65-79;1. stik;106;1;518151;20,46
2021-U17;65-79;2. stik;11;2;114000;9,65
2021-U17;65-79;3. stik;0;3;22;0,00
2021-U17;80+;Uvaccinerede;9;0;15964;56,38
2021-U17;80+;1. stik;4;1;82077;4,87
2021-U17;80+;2. stik;11;2;161587;6,81
2021-U17;80+;3. stik;0;3;12;0,00
2021-U18;5-11;Uvaccinerede;494;0;436555;113,16
2021-U18;5-11;1. stik;0;1;3;0,00
2021-U18;5-11;2. stik;0;2;1;0,00
2021-U18;5-11;3. stik;0;3;0;0,00
2021-U18;12-15;Uvaccinerede;370;0;298935;123,77
2021-U18;12-15;1. stik;0;1;22;0,00
2021-U18;12-15;2. stik;0;2;68;0,00
2021-U18;12-15;3. stik;0;3;0;0,00
2021-U18;16-19;Uvaccinerede;810;0;274639;294,93
2021-U18;16-19;1. stik;1;1;2680;37,31
2021-U18;16-19;2. stik;3;2;2285;131,29
2021-U18;16-19;3. stik;0;3;1;0,00
2021-U18;20-39;Uvaccinerede;2317;0;1373869;168,65
2021-U18;20-39;1. stik;50;1;66815;74,83
2021-U18;20-39;2. stik;18;2;54880;32,80
2021-U18;20-39;3. stik;0;3;9;0,00
2021-U18;40-64;Uvaccinerede;1844;0;1598346;115,37
2021-U18;40-64;1. stik;109;1;167225;65,18
2021-U18;40-64;2. stik;37;2;141625;26,13
2021-U18;40-64;3. stik;0;3;29;0,00
2021-U18;65-79;Uvaccinerede;81;0;162397;49,88
2021-U18;65-79;1. stik;171;1;591126;28,93
2021-U18;65-79;2. stik;22;2;133841;16,44
2021-U18;65-79;3. stik;0;3;23;0,00
2021-U18;80+;Uvaccinerede;4;0;14498;27,59
2021-U18;80+;1. stik;6;1;49151;12,21
2021-U18;80+;2. stik;17;2;195978;8,67
2021-U18;80+;3. stik;0;3;13;0,00
2021-U19;5-11;Uvaccinerede;620;0;436555;142,02
2021-U19;5-11;1. stik;0;1;2;0,00
2021-U19;5-11;2. stik;0;2;1;0,00
2021-U19;5-11;3. stik;0;3;0;0,00
2021-U19;12-15;Uvaccinerede;468;0;298920;156,56
2021-U19;12-15;1. stik;0;1;36;0,00
2021-U19;12-15;2. stik;0;2;69;0,00
2021-U19;12-15;3. stik;0;3;0;0,00
2021-U19;16-19;Uvaccinerede;988;0;274455;359,99
2021-U19;16-19;1. stik;4;1;2676;149,48
2021-U19;16-19;2. stik;1;2;2472;40,45
2021-U19;16-19;3. stik;0;3;1;0,00
2021-U19;20-39;Uvaccinerede;2639;0;1370994;192,49
2021-U19;20-39;1. stik;57;1;66707;85,45
2021-U19;20-39;2. stik;22;2;57855;38,03
2021-U19;20-39;3. stik;0;3;17;0,00
2021-U19;40-64;Uvaccinerede;1813;0;1520834;119,21
2021-U19;40-64;1. stik;145;1;236856;61,22
2021-U19;40-64;2. stik;48;2;149490;32,11
2021-U19;40-64;3. stik;0;3;45;0,00
2021-U19;65-79;Uvaccinerede;54;0;98242;54,97
2021-U19;65-79;1. stik;158;1;608085;25,98
2021-U19;65-79;2. stik;19;2;181034;10,50
2021-U19;65-79;3. stik;0;3;25;0,00
2021-U19;80+;Uvaccinerede;4;0;13411;29,83
2021-U19;80+;1. stik;0;1;28249;0,00
2021-U19;80+;2. stik;23;2;217965;10,55
2021-U19;80+;3. stik;0;3;14;0,00
2021-U20;5-11;Uvaccinerede;424;0;436555;97,12
2021-U20;5-11;1. stik;0;1;3;0,00
2021-U20;5-11;2. stik;0;2;1;0,00
2021-U20;5-11;3. stik;0;3;0;0,00
2021-U20;12-15;Uvaccinerede;409;0;298877;136,85
2021-U20;12-15;1. stik;0;1;77;0,00
2021-U20;12-15;2. stik;0;2;71;0,00
2021-U20;12-15;3. stik;0;3;0;0,00
2021-U20;16-19;Uvaccinerede;968;0;274236;352,98
2021-U20;16-19;1. stik;4;1;2569;155,70
2021-U20;16-19;2. stik;2;2;2799;71,45
2021-U20;16-19;3. stik;0;3;1;0,00
2021-U20;20-39;Uvaccinerede;2676;0;1368024;195,61
2021-U20;20-39;1. stik;51;1;61841;82,47
2021-U20;20-39;2. stik;31;2;65681;47,20
2021-U20;20-39;3. stik;0;3;26;0,00
2021-U20;40-64;Uvaccinerede;1685;0;1380238;122,08
2021-U20;40-64;1. stik;248;1;360940;68,71
2021-U20;40-64;2. stik;39;2;165985;23,50
2021-U20;40-64;3. stik;0;3;61;0,00
2021-U20;65-79;Uvaccinerede;43;0;66537;64,63
2021-U20;65-79;1. stik;138;1;518933;26,59
2021-U20;65-79;2. stik;16;2;301889;5,30
2021-U20;65-79;3. stik;0;3;28;0,00
2021-U20;80+;Uvaccinerede;3;0;12651;23,71
2021-U20;80+;1. stik;1;1;16163;6,19
2021-U20;80+;2. stik;5;2;230810;2,17
2021-U20;80+;3. stik;0;3;15;0,00
2021-U21;5-11;Uvaccinerede;418;0;436554;95,75
2021-U21;5-11;1. stik;0;1;4;0,00
2021-U21;5-11;2. stik;0;2;1;0,00
2021-U21;5-11;3. stik;0;3;0;0,00
2021-U21;12-15;Uvaccinerede;420;0;298851;140,54
2021-U21;12-15;1. stik;0;1;100;0,00
2021-U21;12-15;2. stik;0;2;75;0,00
2021-U21;12-15;3. stik;0;3;0;0,00
2021-U21;16-19;Uvaccinerede;851;0;272730;312,03
2021-U21;16-19;1. stik;8;1;3664;218,34
2021-U21;16-19;2. stik;0;2;3209;0,00
2021-U21;16-19;3. stik;0;3;1;0,00
2021-U21;20-39;Uvaccinerede;2730;0;1365021;200,00
2021-U21;20-39;1. stik;49;1;54522;89,87
2021-U21;20-39;2. stik;26;2;76000;34,21
2021-U21;20-39;3. stik;0;3;30;0,00
2021-U21;40-64;Uvaccinerede;1475;0;1169288;126,15
2021-U21;40-64;1. stik;427;1;549815;77,66
2021-U21;40-64;2. stik;46;2;188049;24,46
2021-U21;40-64;3. stik;0;3;72;0,00
2021-U21;65-79;Uvaccinerede;21;0;52253;40,19
2021-U21;65-79;1. stik;70;1;391461;17,88
2021-U21;65-79;2. stik;16;2;443642;3,61
2021-U21;65-79;3. stik;0;3;31;0,00
2021-U21;80+;Uvaccinerede;1;0;12020;8,32
2021-U21;80+;1. stik;0;1;8855;0,00
2021-U21;80+;2. stik;20;2;238749;8,38
2021-U21;80+;3. stik;0;3;15;0,00
2021-U22;5-11;Uvaccinerede;435;0;436549;99,65
2021-U22;5-11;1. stik;0;1;9;0,00
2021-U22;5-11;2. stik;0;2;1;0,00
2021-U22;5-11;3. stik;0;3;0;0,00
2021-U22;12-15;Uvaccinerede;408;0;298834;136,53
2021-U22;12-15;1. stik;0;1;112;0,00
2021-U22;12-15;2. stik;0;2;79;0,00
2021-U22;12-15;3. stik;0;3;0;0,00
2021-U22;16-19;Uvaccinerede;813;0;263210;308,88
2021-U22;16-19;1. stik;28;1;12660;221,17
2021-U22;16-19;2. stik;0;2;3733;0,00
2021-U22;16-19;3. stik;0;3;1;0,00
2021-U22;20-39;Uvaccinerede;2297;0;1358346;169,10
2021-U22;20-39;1. stik;38;1;47749;79,58
2021-U22;20-39;2. stik;18;2;89445;20,12
2021-U22;20-39;3. stik;0;3;33;0,00
2021-U22;40-64;Uvaccinerede;938;0;932373;100,60
2021-U22;40-64;1. stik;445;1;759272;58,61
2021-U22;40-64;2. stik;41;2;215501;19,03
2021-U22;40-64;3. stik;0;3;79;0,00
2021-U22;65-79;Uvaccinerede;14;0;44912;31,17
2021-U22;65-79;1. stik;39;1;281969;13,83
2021-U22;65-79;2. stik;28;2;560472;5,00
2021-U22;65-79;3. stik;0;3;34;0,00
2021-U22;80+;Uvaccinerede;1;0;11466;8,72
2021-U22;80+;1. stik;0;1;6609;0,00
2021-U22;80+;2. stik;20;2;241547;8,28
2021-U22;80+;3. stik;0;3;17;0,00
2021-U23;5-11;Uvaccinerede;202;0;436547;46,27
2021-U23;5-11;1. stik;0;1;11;0,00
2021-U23;5-11;2. stik;0;2;1;0,00
2021-U23;5-11;3. stik;0;3;0;0,00
2021-U23;12-15;Uvaccinerede;184;0;298818;61,58
2021-U23;12-15;1. stik;0;1;125;0,00
2021-U23;12-15;2. stik;0;2;82;0,00
2021-U23;12-15;3. stik;0;3;0;0,00
2021-U23;16-19;Uvaccinerede;267;0;218399;122,25
2021-U23;16-19;1. stik;50;1;56938;87,81
2021-U23;16-19;2. stik;0;2;4267;0,00
2021-U23;16-19;3. stik;0;3;1;0,00
2021-U23;20-39;Uvaccinerede;1237;0;1330499;92,97
2021-U23;20-39;1. stik;46;1;61570;74,71
2021-U23;20-39;2. stik;14;2;103468;13,53
2021-U23;20-39;3. stik;0;3;36;0,00
2021-U23;40-64;Uvaccinerede;423;0;705840;59,93
2021-U23;40-64;1. stik;275;1;959773;28,65
2021-U23;40-64;2. stik;25;2;241525;10,35
2021-U23;40-64;3. stik;0;3;87;0,00
2021-U23;65-79;Uvaccinerede;7;0;41361;16,92
2021-U23;65-79;1. stik;20;1;238966;8,37
2021-U23;65-79;2. stik;18;2;607024;2,97
2021-U23;65-79;3. stik;0;3;36;0,00
2021-U23;80+;Uvaccinerede;1;0;11087;9,02
2021-U23;80+;1. stik;0;1;5703;0,00
2021-U23;80+;2. stik;11;2;242830;4,53
2021-U23;80+;3. stik;0;3;20;0,00
2021-U24;5-11;Uvaccinerede;130;0;436545;29,78
2021-U24;5-11;1. stik;0;1;13;0,00
2021-U24;5-11;2. stik;0;2;1;0,00
2021-U24;5-11;3. stik;0;3;0;0,00
2021-U24;12-15;Uvaccinerede;97;0;298800;32,46
2021-U24;12-15;1. stik;0;1;126;0,00
2021-U24;12-15;2. stik;0;2;99;0,00
2021-U24;12-15;3. stik;0;3;0;0,00
2021-U24;16-19;Uvaccinerede;124;0;155254;79,87
2021-U24;16-19;1. stik;59;1;119721;49,28
2021-U24;16-19;2. stik;0;2;4629;0,00
2021-U24;16-19;3. stik;0;3;1;0,00
2021-U24;20-39;Uvaccinerede;688;0;1267253;54,29
2021-U24;20-39;1. stik;76;1;111660;68,06
2021-U24;20-39;2. stik;7;2;116620;6,00
2021-U24;20-39;3. stik;0;3;40;0,00
2021-U24;40-64;Uvaccinerede;191;0;505990;37,75
2021-U24;40-64;1. stik;185;1;1135441;16,29
2021-U24;40-64;2. stik;27;2;265699;10,16
2021-U24;40-64;3. stik;0;3;94;0,00
2021-U24;65-79;Uvaccinerede;5;0;39049;12,80
2021-U24;65-79;1. stik;8;1;181261;4,41
2021-U24;65-79;2. stik;13;2;667036;1,95
2021-U24;65-79;3. stik;0;3;40;0,00
2021-U24;80+;Uvaccinerede;4;0;10776;37,12
2021-U24;80+;1. stik;2;1;4858;41,17
2021-U24;80+;2. stik;7;2;243984;2,87
2021-U24;80+;3. stik;0;3;21;0,00
2021-U25;5-11;Uvaccinerede;85;0;436544;19,47
2021-U25;5-11;1. stik;0;1;13;0,00
2021-U25;5-11;2. stik;0;2;1;0,00
2021-U25;5-11;3. stik;0;3;0;0,00
2021-U25;12-15;Uvaccinerede;69;0;298636;23,11
2021-U25;12-15;1. stik;0;1;252;0,00
2021-U25;12-15;2. stik;0;2;137;0,00
2021-U25;12-15;3. stik;0;3;0;0,00
2021-U25;16-19;Uvaccinerede;55;0;112112;49,06
2021-U25;16-19;1. stik;49;1;162513;30,15
2021-U25;16-19;2. stik;0;2;4978;0,00
2021-U25;16-19;3. stik;0;3;2;0,00
2021-U25;20-39;Uvaccinerede;574;0;1183120;48,52
2021-U25;20-39;1. stik;153;1;177702;86,10
2021-U25;20-39;2. stik;6;2;134709;4,45
2021-U25;20-39;3. stik;0;3;42;0,00
2021-U25;40-64;Uvaccinerede;104;0;370419;28,08
2021-U25;40-64;1. stik;168;1;1226188;13,70
2021-U25;40-64;2. stik;13;2;310513;4,19
2021-U25;40-64;3. stik;0;3;104;0,00
2021-U25;65-79;Uvaccinerede;3;0;37437;8,01
2021-U25;65-79;1. stik;4;1;119458;3,35
2021-U25;65-79;2. stik;11;2;730448;1,51
2021-U25;65-79;3. stik;0;3;43;0,00
2021-U25;80+;Uvaccinerede;0;0;10542;0,00
2021-U25;80+;1. stik;0;1;4129;0,00
2021-U25;80+;2. stik;4;2;244947;1,63
2021-U25;80+;3. stik;0;3;21;0,00
2021-U26;5-11;Uvaccinerede;90;0;436544;20,62
2021-U26;5-11;1. stik;0;1;13;0,00
2021-U26;5-11;2. stik;0;2;2;0,00
2021-U26;5-11;3. stik;0;3;0;0,00
2021-U26;12-15;Uvaccinerede;108;0;295283;36,58
2021-U26;12-15;1. stik;2;1;3583;55,82
2021-U26;12-15;2. stik;0;2;159;0,00
2021-U26;12-15;3. stik;0;3;0;0,00
2021-U26;16-19;Uvaccinerede;148;0;86668;170,77
2021-U26;16-19;1. stik;285;1;187680;151,85
2021-U26;16-19;2. stik;1;2;5253;19,04
2021-U26;16-19;3. stik;0;3;3;0,00
2021-U26;20-39;Uvaccinerede;1037;0;1092705;94,90
2021-U26;20-39;1. stik;499;1;250960;198,84
2021-U26;20-39;2. stik;25;2;151865;16,46
2021-U26;20-39;3. stik;0;3;42;0,00
2021-U26;40-64;Uvaccinerede;100;0;295181;33,88
2021-U26;40-64;1. stik;304;1;1238239;24,55
2021-U26;40-64;2. stik;24;2;373693;6,42
2021-U26;40-64;3. stik;0;3;112;0,00
2021-U26;65-79;Uvaccinerede;4;0;36428;10,98
2021-U26;65-79;1. stik;2;1;64848;3,08
2021-U26;65-79;2. stik;24;2;786065;3,05
2021-U26;65-79;3. stik;0;3;45;0,00
2021-U26;80+;Uvaccinerede;0;0;10381;0,00
2021-U26;80+;1. stik;1;1;3582;27,92
2021-U26;80+;2. stik;3;2;245655;1,22
2021-U26;80+;3. stik;0;3;22;0,00
2021-U27;5-11;Uvaccinerede;154;0;436544;35,28
2021-U27;5-11;1. stik;0;1;12;0,00
2021-U27;5-11;2. stik;0;2;3;0,00
2021-U27;5-11;3. stik;0;3;0;0,00
2021-U27;12-15;Uvaccinerede;199;0;288655;68,94
2021-U27;12-15;1. stik;18;1;10197;176,52
2021-U27;12-15;2. stik;0;2;174;0,00
2021-U27;12-15;3. stik;0;3;0;0,00
2021-U27;16-19;Uvaccinerede;181;0;72552;249,48
2021-U27;16-19;1. stik;428;1;201545;212,36
2021-U27;16-19;2. stik;4;2;5504;72,67
2021-U27;16-19;3. stik;0;3;3;0,00
2021-U27;20-39;Uvaccinerede;1631;0;956225;170,57
2021-U27;20-39;1. stik;1112;1;379311;293,16
2021-U27;20-39;2. stik;88;2;159992;55,00
2021-U27;20-39;3. stik;0;3;44;0,00
2021-U27;40-64;Uvaccinerede;156;0;250746;62,21
2021-U27;40-64;1. stik;480;1;1147142;41,84
2021-U27;40-64;2. stik;76;2;509214;14,92
2021-U27;40-64;3. stik;0;3;123;0,00
2021-U27;65-79;Uvaccinerede;7;0;35386;19,78
2021-U27;65-79;1. stik;3;1;32959;9,10
2021-U27;65-79;2. stik;48;2;818991;5,86
2021-U27;65-79;3. stik;0;3;50;0,00
2021-U27;80+;Uvaccinerede;2;0;10232;19,55
2021-U27;80+;1. stik;0;1;3088;0,00
2021-U27;80+;2. stik;9;2;246297;3,65
2021-U27;80+;3. stik;0;3;23;0,00
2021-U28;5-11;Uvaccinerede;255;0;436543;58,41
2021-U28;5-11;1. stik;0;1;12;0,00
2021-U28;5-11;2. stik;0;2;4;0,00
2021-U28;5-11;3. stik;0;3;0;0,00
2021-U28;12-15;Uvaccinerede;279;0;280724;99,39
2021-U28;12-15;1. stik;20;1;18114;110,41
2021-U28;12-15;2. stik;0;2;187;0,00
2021-U28;12-15;3. stik;0;3;0;0,00
2021-U28;16-19;Uvaccinerede;250;0;64506;387,56
2021-U28;16-19;1. stik;625;1;208277;300,08
2021-U28;16-19;2. stik;9;2;6818;132,00
2021-U28;16-19;3. stik;0;3;3;0,00
2021-U28;20-39;Uvaccinerede;2066;0;731810;282,31
2021-U28;20-39;1. stik;2163;1;598349;361,49
2021-U28;20-39;2. stik;130;2;165368;78,61
2021-U28;20-39;3. stik;0;3;46;0,00
2021-U28;40-64;Uvaccinerede;200;0;225709;88,61
2021-U28;40-64;1. stik;517;1;955856;54,09
2021-U28;40-64;2. stik;161;2;725528;22,19
2021-U28;40-64;3. stik;0;3;132;0,00
2021-U28;65-79;Uvaccinerede;9;0;34421;26,15
2021-U28;65-79;1. stik;3;1;20103;14,92
2021-U28;65-79;2. stik;59;2;832806;7,08
2021-U28;65-79;3. stik;0;3;57;0,00
2021-U28;80+;Uvaccinerede;3;0;10094;29,72
2021-U28;80+;1. stik;0;1;2637;0,00
2021-U28;80+;2. stik;20;2;246885;8,10
2021-U28;80+;3. stik;0;3;24;0,00
2021-U29;5-11;Uvaccinerede;334;0;436542;76,51
2021-U29;5-11;1. stik;0;1;12;0,00
2021-U29;5-11;2. stik;0;2;5;0,00
2021-U29;5-11;3. stik;0;3;0;0,00
2021-U29;12-15;Uvaccinerede;322;0;250003;128,80
2021-U29;12-15;1. stik;33;1;48823;67,59
2021-U29;12-15;2. stik;0;2;200;0,00
2021-U29;12-15;3. stik;0;3;0;0,00
2021-U29;16-19;Uvaccinerede;235;0;59427;395,44
2021-U29;16-19;1. stik;393;1;203742;192,89
2021-U29;16-19;2. stik;10;2;16433;60,85
2021-U29;16-19;3. stik;0;3;4;0,00
2021-U29;20-39;Uvaccinerede;1343;0;576725;232,87
2021-U29;20-39;1. stik;1616;1;748805;215,81
2021-U29;20-39;2. stik;82;2;169990;48,24
2021-U29;20-39;3. stik;0;3;52;0,00
2021-U29;40-64;Uvaccinerede;199;0;211760;93,97
2021-U29;40-64;1. stik;374;1;731594;51,12
2021-U29;40-64;2. stik;150;2;963722;15,56
2021-U29;40-64;3. stik;1;3;148;675,68
2021-U29;65-79;Uvaccinerede;9;0;33709;26,70
2021-U29;65-79;1. stik;0;1;13107;0,00
2021-U29;65-79;2. stik;82;2;840512;9,76
2021-U29;65-79;3. stik;0;3;59;0,00
2021-U29;80+;Uvaccinerede;2;0;9958;20,08
2021-U29;80+;1. stik;0;1;2247;0,00
2021-U29;80+;2. stik;32;2;247408;12,93
2021-U29;80+;3. stik;0;3;26;0,00
2021-U30;5-11;Uvaccinerede;475;0;436542;108,81
2021-U30;5-11;1. stik;0;1;11;0,00
2021-U30;5-11;2. stik;0;2;5;0,00
2021-U30;5-11;3. stik;0;3;0;0,00
2021-U30;12-15;Uvaccinerede;348;0;209726;165,93
2021-U30;12-15;1. stik;68;1;89080;76,34
2021-U30;12-15;2. stik;0;2;219;0,00
2021-U30;12-15;3. stik;0;3;0;0,00
2021-U30;16-19;Uvaccinerede;300;0;55355;541,96
2021-U30;16-19;1. stik;390;1;168687;231,20
2021-U30;16-19;2. stik;28;2;55558;50,40
2021-U30;16-19;3. stik;0;3;4;0,00
2021-U30;20-39;Uvaccinerede;1525;0;483546;315,38
2021-U30;20-39;1. stik;1771;1;825030;214,66
2021-U30;20-39;2. stik;139;2;186936;74,36
2021-U30;20-39;3. stik;0;3;60;0,00
2021-U30;40-64;Uvaccinerede;333;0;200884;165,77
2021-U30;40-64;1. stik;371;1;525183;70,64
2021-U30;40-64;2. stik;293;2;1180994;24,81
2021-U30;40-64;3. stik;0;3;164;0,00
2021-U30;65-79;Uvaccinerede;10;0;33080;30,23
2021-U30;65-79;1. stik;5;1;9986;50,07
2021-U30;65-79;2. stik;97;2;844261;11,49
2021-U30;65-79;3. stik;0;3;60;0,00
2021-U30;80+;Uvaccinerede;1;0;9850;10,15
2021-U30;80+;1. stik;0;1;1968;0,00
2021-U30;80+;2. stik;25;2;247793;10,09
2021-U30;80+;3. stik;0;3;29;0,00
2021-U31;5-11;Uvaccinerede;649;0;436542;148,67
2021-U31;5-11;1. stik;0;1;11;0,00
2021-U31;5-11;2. stik;0;2;6;0,00
2021-U31;5-11;3. stik;0;3;0;0,00
2021-U31;12-15;Uvaccinerede;449;0;175177;256,31
2021-U31;12-15;1. stik;109;1;123301;88,40
2021-U31;12-15;2. stik;0;2;547;0,00
2021-U31;12-15;3. stik;0;3;0;0,00
2021-U31;16-19;Uvaccinerede;349;0;52452;665,37
2021-U31;16-19;1. stik;229;1;112029;204,41
2021-U31;16-19;2. stik;40;2;115119;34,75
2021-U31;16-19;3. stik;0;3;4;0,00
2021-U31;20-39;Uvaccinerede;1627;0;435849;373,29
2021-U31;20-39;1. stik;1261;1;815806;154,57
2021-U31;20-39;2. stik;173;2;243851;70,94
2021-U31;20-39;3. stik;0;3;67;0,00
2021-U31;40-64;Uvaccinerede;449;0;193700;231,80
2021-U31;40-64;1. stik;326;1;334295;97,52
2021-U31;40-64;2. stik;396;2;1379047;28,72
2021-U31;40-64;3. stik;0;3;183;0,00
2021-U31;65-79;Uvaccinerede;12;0;32606;36,80
2021-U31;65-79;1. stik;3;1;7992;37,54
2021-U31;65-79;2. stik;132;2;846727;15,59
2021-U31;65-79;3. stik;0;3;61;0,00
2021-U31;80+;Uvaccinerede;0;0;9759;0,00
2021-U31;80+;1. stik;0;1;1731;0,00
2021-U31;80+;2. stik;36;2;248120;14,51
2021-U31;80+;3. stik;0;3;29;0,00
2021-U32;5-11;Uvaccinerede;913;0;436542;209,14
2021-U32;5-11;1. stik;0;1;11;0,00
2021-U32;5-11;2. stik;0;2;6;0,00
2021-U32;5-11;3. stik;0;3;0;0,00
2021-U32;12-15;Uvaccinerede;495;0;149953;330,10
2021-U32;12-15;1. stik;191;1;147065;129,87
2021-U32;12-15;2. stik;1;2;2007;49,83
2021-U32;12-15;3. stik;0;3;1;0,00
2021-U32;16-19;Uvaccinerede;350;0;50023;699,68
2021-U32;16-19;1. stik;125;1;68990;181,19
2021-U32;16-19;2. stik;76;2;160587;47,33
2021-U32;16-19;3. stik;0;3;5;0,00
2021-U32;20-39;Uvaccinerede;1723;0;409909;420,34
2021-U32;20-39;1. stik;1035;1;752661;137,51
2021-U32;20-39;2. stik;209;2;332917;62,78
2021-U32;20-39;3. stik;0;3;86;0,00
2021-U32;40-64;Uvaccinerede;465;0;187807;247,59
2021-U32;40-64;1. stik;302;1;205959;146,63
2021-U32;40-64;2. stik;539;2;1513256;35,62
2021-U32;40-64;3. stik;0;3;203;0,00
2021-U32;65-79;Uvaccinerede;13;0;32203;40,37
2021-U32;65-79;1. stik;3;1;6627;45,27
2021-U32;65-79;2. stik;157;2;848493;18,50
2021-U32;65-79;3. stik;0;3;64;0,00
2021-U32;80+;Uvaccinerede;8;0;9688;82,58
2021-U32;80+;1. stik;2;1;1552;128,87
2021-U32;80+;2. stik;47;2;248370;18,92
2021-U32;80+;3. stik;0;3;30;0,00
2021-U33;5-11;Uvaccinerede;1390;0;436541;318,41
2021-U33;5-11;1. stik;1;1;11;9090,91
2021-U33;5-11;2. stik;0;2;7;0,00
2021-U33;5-11;3. stik;0;3;0;0,00
2021-U33;12-15;Uvaccinerede;599;0;135693;441,44
2021-U33;12-15;1. stik;184;1;155264;118,51
2021-U33;12-15;2. stik;2;2;8067;24,79
2021-U33;12-15;3. stik;0;3;1;0,00
2021-U33;16-19;Uvaccinerede;307;0;47634;644,50
2021-U33;16-19;1. stik;63;1;43339;145,37
2021-U33;16-19;2. stik;77;2;188625;40,82
2021-U33;16-19;3. stik;0;3;6;0,00
2021-U33;20-39;Uvaccinerede;1468;0;389619;376,78
2021-U33;20-39;1. stik;651;1;643470;101,17
2021-U33;20-39;2. stik;267;2;462365;57,75
2021-U33;20-39;3. stik;0;3;118;0,00
2021-U33;40-64;Uvaccinerede;480;0;182685;262,75
2021-U33;40-64;1. stik;176;1;127559;137,98
2021-U33;40-64;2. stik;660;2;1596753;41,33
2021-U33;40-64;3. stik;0;3;228;0,00
2021-U33;65-79;Uvaccinerede;22;0;31799;69,18
2021-U33;65-79;1. stik;5;1;5787;86,40
2021-U33;65-79;2. stik;204;2;849734;24,01
2021-U33;65-79;3. stik;0;3;67;0,00
2021-U33;80+;Uvaccinerede;5;0;9610;52,03
2021-U33;80+;1. stik;1;1;1451;68,92
2021-U33;80+;2. stik;63;2;248548;25,35
2021-U33;80+;3. stik;0;3;30;0,00
2021-U34;5-11;Uvaccinerede;1400;0;436537;320,71
2021-U34;5-11;1. stik;0;1;15;0,00
2021-U34;5-11;2. stik;0;2;7;0,00
2021-U34;5-11;3. stik;0;3;0;0,00
2021-U34;12-15;Uvaccinerede;503;0;124296;404,68
2021-U34;12-15;1. stik;161;1;146850;109,64
2021-U34;12-15;2. stik;4;2;27878;14,35
2021-U34;12-15;3. stik;0;3;1;0,00
2021-U34;16-19;Uvaccinerede;240;0;45536;527,06
2021-U34;16-19;1. stik;43;1;29283;146,84
2021-U34;16-19;2. stik;63;2;204778;30,77
2021-U34;16-19;3. stik;0;3;8;0,00
2021-U34;20-39;Uvaccinerede;1140;0;373235;305,44
2021-U34;20-39;1. stik;415;1;435372;95,32
2021-U34;20-39;2. stik;286;2;686806;41,64
2021-U34;20-39;3. stik;0;3;160;0,00
2021-U34;40-64;Uvaccinerede;490;0;178061;275,19
2021-U34;40-64;1. stik;127;1;78013;162,79
2021-U34;40-64;2. stik;798;2;1650900;48,34
2021-U34;40-64;3. stik;0;3;251;0,00
2021-U34;65-79;Uvaccinerede;29;0;31350;92,50
2021-U34;65-79;1. stik;4;1;4795;83,42
2021-U34;65-79;2. stik;226;2;851170;26,55
2021-U34;65-79;3. stik;1;3;72;1388,89
2021-U34;80+;Uvaccinerede;9;0;9512;94,62
2021-U34;80+;1. stik;2;1;1325;150,94
2021-U34;80+;2. stik;64;2;248772;25,73
2021-U34;80+;3. stik;0;3;31;0,00
2021-U35;5-11;Uvaccinerede;921;0;436535;210,98
2021-U35;5-11;1. stik;1;1;17;5882,35
2021-U35;5-11;2. stik;0;2;7;0,00
2021-U35;5-11;3. stik;0;3;0;0,00
2021-U35;12-15;Uvaccinerede;340;0;116254;292,46
2021-U35;12-15;1. stik;91;1;116474;78,13
2021-U35;12-15;2. stik;9;2;66296;13,58
2021-U35;12-15;3. stik;0;3;1;0,00
2021-U35;16-19;Uvaccinerede;135;0;43871;307,72
2021-U35;16-19;1. stik;27;1;21117;127,86
2021-U35;16-19;2. stik;51;2;214607;23,76
2021-U35;16-19;3. stik;0;3;9;0,00
2021-U35;20-39;Uvaccinerede;824;0;361594;227,88
2021-U35;20-39;1. stik;242;1;258834;93,50
2021-U35;20-39;2. stik;309;2;874938;35,32
2021-U35;20-39;3. stik;1;3;206;485,44
2021-U35;40-64;Uvaccinerede;330;0;174547;189,06
2021-U35;40-64;1. stik;65;1;50824;127,89
2021-U35;40-64;2. stik;711;2;1681579;42,28
2021-U35;40-64;3. stik;0;3;275;0,00
2021-U35;65-79;Uvaccinerede;21;0;30942;67,87
2021-U35;65-79;1. stik;1;1;3933;25,43
2021-U35;65-79;2. stik;188;2;852430;22,05
2021-U35;65-79;3. stik;0;3;83;0,00
2021-U35;80+;Uvaccinerede;13;0;9421;137,99
2021-U35;80+;1. stik;4;1;1196;334,45
2021-U35;80+;2. stik;68;2;248990;27,31
2021-U35;80+;3. stik;0;3;32;0,00
2021-U36;5-11;Uvaccinerede;654;0;436534;149,82
2021-U36;5-11;1. stik;0;1;18;0,00
2021-U36;5-11;2. stik;0;2;7;0,00
2021-U36;5-11;3. stik;0;3;0;0,00
2021-U36;12-15;Uvaccinerede;186;0;111055;167,48
2021-U36;12-15;1. stik;39;1;84957;45,91
2021-U36;12-15;2. stik;6;2;103012;5,82
2021-U36;12-15;3. stik;0;3;1;0,00
2021-U36;16-19;Uvaccinerede;115;0;42754;268,98
2021-U36;16-19;1. stik;10;1;16500;60,61
2021-U36;16-19;2. stik;35;2;220339;15,88
2021-U36;16-19;3. stik;0;3;11;0,00
2021-U36;20-39;Uvaccinerede;625;0;354081;176,51
2021-U36;20-39;1. stik;177;1;160766;110,10
2021-U36;20-39;2. stik;264;2;980495;26,93
2021-U36;20-39;3. stik;0;3;231;0,00
2021-U36;40-64;Uvaccinerede;241;0;172040;140,08
2021-U36;40-64;1. stik;52;1;38493;135,09
2021-U36;40-64;2. stik;473;2;1696381;27,88
2021-U36;40-64;3. stik;0;3;311;0,00
2021-U36;65-79;Uvaccinerede;14;0;30665;45,65
2021-U36;65-79;1. stik;3;1;3435;87,34
2021-U36;65-79;2. stik;168;2;853194;19,69
2021-U36;65-79;3. stik;0;3;92;0,00
2021-U36;80+;Uvaccinerede;3;0;9362;32,04
2021-U36;80+;1. stik;0;1;1093;0,00
2021-U36;80+;2. stik;67;2;249152;26,89
2021-U36;80+;3. stik;0;3;32;0,00
2021-U37;5-11;Uvaccinerede;481;0;436531;110,19
2021-U37;5-11;1. stik;0;1;21;0,00
2021-U37;5-11;2. stik;0;2;7;0,00
2021-U37;5-11;3. stik;0;3;0;0,00
2021-U37;12-15;Uvaccinerede;151;0;107281;140,75
2021-U37;12-15;1. stik;13;1;56152;23,15
2021-U37;12-15;2. stik;3;2;135591;2,21
2021-U37;12-15;3. stik;0;3;1;0,00
2021-U37;16-19;Uvaccinerede;63;0;41947;150,19
2021-U37;16-19;1. stik;5;1;13261;37,70
2021-U37;16-19;2. stik;12;2;224383;5,35
2021-U37;16-19;3. stik;0;3;13;0,00
2021-U37;20-39;Uvaccinerede;405;0;348292;116,28
2021-U37;20-39;1. stik;91;1;108304;84,02
2021-U37;20-39;2. stik;200;2;1038692;19,25
2021-U37;20-39;3. stik;0;3;285;0,00
2021-U37;40-64;Uvaccinerede;159;0;169983;93,54
2021-U37;40-64;1. stik;16;1;30545;52,38
2021-U37;40-64;2. stik;352;2;1706353;20,63
2021-U37;40-64;3. stik;0;3;344;0,00
2021-U37;65-79;Uvaccinerede;11;0;30410;36,17
2021-U37;65-79;1. stik;2;1;3072;65,10
2021-U37;65-79;2. stik;125;2;853806;14,64
2021-U37;65-79;3. stik;0;3;99;0,00
2021-U37;80+;Uvaccinerede;2;0;9294;21,52
2021-U37;80+;1. stik;0;1;1048;0,00
2021-U37;80+;2. stik;49;2;249263;19,66
2021-U37;80+;3. stik;0;3;34;0,00
2021-U38;5-11;Uvaccinerede;554;0;436526;126,91
2021-U38;5-11;1. stik;0;1;25;0,00
2021-U38;5-11;2. stik;0;2;8;0,00
2021-U38;5-11;3. stik;0;3;0;0,00
2021-U38;12-15;Uvaccinerede;173;0;104436;165,65
2021-U38;12-15;1. stik;16;1;40235;39,77
2021-U38;12-15;2. stik;6;2;154353;3,89
2021-U38;12-15;3. stik;0;3;1;0,00
2021-U38;16-19;Uvaccinerede;58;0;41383;140,15
2021-U38;16-19;1. stik;7;1;11109;63,01
2021-U38;16-19;2. stik;34;2;227097;14,97
2021-U38;16-19;3. stik;0;3;16;0,00
2021-U38;20-39;Uvaccinerede;418;0;343652;121,63
2021-U38;20-39;1. stik;90;1;85548;105,20
2021-U38;20-39;2. stik;203;2;1066006;19,04
2021-U38;20-39;3. stik;0;3;365;0,00
2021-U38;40-64;Uvaccinerede;193;0;168424;114,59
2021-U38;40-64;1. stik;19;1;25949;73,22
2021-U38;40-64;2. stik;421;2;1711967;24,59
2021-U38;40-64;3. stik;0;3;884;0,00
2021-U38;65-79;Uvaccinerede;19;0;30182;62,95
2021-U38;65-79;1. stik;4;1;2866;139,57
2021-U38;65-79;2. stik;180;2;853486;21,09
2021-U38;65-79;3. stik;0;3;853;0,00
2021-U38;80+;Uvaccinerede;3;0;9209;32,58
2021-U38;80+;1. stik;0;1;1044;0,00
2021-U38;80+;2. stik;76;2;248948;30,53
2021-U38;80+;3. stik;0;3;439;0,00
2021-U39;5-11;Uvaccinerede;709;0;436525;162,42
2021-U39;5-11;1. stik;0;1;25;0,00
2021-U39;5-11;2. stik;0;2;9;0,00
2021-U39;5-11;3. stik;0;3;0;0,00
2021-U39;12-15;Uvaccinerede;164;0;102240;160,41
2021-U39;12-15;1. stik;17;1;29099;58,42
2021-U39;12-15;2. stik;13;2;167685;7,75
2021-U39;12-15;3. stik;0;3;1;0,00
2021-U39;16-19;Uvaccinerede;78;0;40961;190,43
2021-U39;16-19;1. stik;4;1;9387;42,61
2021-U39;16-19;2. stik;32;2;229212;13,96
2021-U39;16-19;3. stik;0;3;44;0,00
2021-U39;20-39;Uvaccinerede;465;0;339963;136,78
2021-U39;20-39;1. stik;91;1;69828;130,32
2021-U39;20-39;2. stik;289;2;1084750;26,64
2021-U39;20-39;3. stik;0;3;1032;0,00
2021-U39;40-64;Uvaccinerede;244;0;167186;145,95
2021-U39;40-64;1. stik;34;1;22348;152,14
2021-U39;40-64;2. stik;550;2;1711268;32,14
2021-U39;40-64;3. stik;3;3;6422;46,71
2021-U39;65-79;Uvaccinerede;14;0;29985;46,69
2021-U39;65-79;1. stik;5;1;2632;189,97
2021-U39;65-79;2. stik;192;2;844210;22,74
2021-U39;65-79;3. stik;1;3;10560;9,47
2021-U39;80+;Uvaccinerede;4;0;9142;43,75
2021-U39;80+;1. stik;2;1;967;206,83
2021-U39;80+;2. stik;49;2;242084;20,24
2021-U39;80+;3. stik;1;3;7447;13,43
2021-U40;5-11;Uvaccinerede;955;0;436525;218,77
2021-U40;5-11;1. stik;0;1;22;0,00
2021-U40;5-11;2. stik;0;2;12;0,00
2021-U40;5-11;3. stik;0;3;0;0,00
2021-U40;12-15;Uvaccinerede;228;0;100275;227,37
2021-U40;12-15;1. stik;10;1;21860;45,75
2021-U40;12-15;2. stik;17;2;176889;9,61
2021-U40;12-15;3. stik;0;3;2;0,00
2021-U40;16-19;Uvaccinerede;82;0;40581;202,07
2021-U40;16-19;1. stik;4;1;8046;49,71
2021-U40;16-19;2. stik;72;2;230898;31,18
2021-U40;16-19;3. stik;0;3;80;0,00
2021-U40;20-39;Uvaccinerede;630;0;336954;186,97
2021-U40;20-39;1. stik;119;1;57973;205,27
2021-U40;20-39;2. stik;383;2;1098834;34,86
2021-U40;20-39;3. stik;0;3;1811;0,00
2021-U40;40-64;Uvaccinerede;256;0;166144;154,08
2021-U40;40-64;1. stik;34;1;19484;174,50
2021-U40;40-64;2. stik;803;2;1710236;46,95
2021-U40;40-64;3. stik;1;3;11360;8,80
2021-U40;65-79;Uvaccinerede;16;0;29850;53,60
2021-U40;65-79;1. stik;3;1;2337;128,37
2021-U40;65-79;2. stik;280;2;834815;33,54
2021-U40;65-79;3. stik;4;3;20385;19,62
2021-U40;80+;Uvaccinerede;3;0;9106;32,95
2021-U40;80+;1. stik;3;1;869;345,22
2021-U40;80+;2. stik;77;2;231353;33,28
2021-U40;80+;3. stik;3;3;18311;16,38
2021-U41;5-11;Uvaccinerede;1051;0;436525;240,77
2021-U41;5-11;1. stik;0;1;21;0,00
2021-U41;5-11;2. stik;0;2;13;0,00
2021-U41;5-11;3. stik;0;3;0;0,00
2021-U41;12-15;Uvaccinerede;231;0;98448;234,64
2021-U41;12-15;1. stik;10;1;17539;57,02
2021-U41;12-15;2. stik;30;2;183036;16,39
2021-U41;12-15;3. stik;0;3;2;0,00
2021-U41;16-19;Uvaccinerede;97;0;40256;240,96
2021-U41;16-19;1. stik;12;1;7153;167,76
2021-U41;16-19;2. stik;81;2;232068;34,90
2021-U41;16-19;3. stik;0;3;127;0,00
2021-U41;20-39;Uvaccinerede;714;0;333991;213,78
2021-U41;20-39;1. stik;111;1;50490;219,85
2021-U41;20-39;2. stik;573;2;1107997;51,71
2021-U41;20-39;3. stik;1;3;3095;32,31
2021-U41;40-64;Uvaccinerede;331;0;165123;200,46
2021-U41;40-64;1. stik;29;1;17579;164,97
2021-U41;40-64;2. stik;1123;2;1709146;65,71
2021-U41;40-64;3. stik;5;3;15376;32,52
2021-U41;65-79;Uvaccinerede;14;0;29738;47,08
2021-U41;65-79;1. stik;4;1;2119;188,77
2021-U41;65-79;2. stik;423;2;828994;51,03
2021-U41;65-79;3. stik;6;3;26536;22,61
2021-U41;80+;Uvaccinerede;10;0;9086;110,06
2021-U41;80+;1. stik;1;1;787;127,06
2021-U41;80+;2. stik;85;2;224576;37,85
2021-U41;80+;3. stik;6;3;25190;23,82
2021-U42;5-11;Uvaccinerede;1259;0;436524;288,41
2021-U42;5-11;1. stik;0;1;19;0,00
2021-U42;5-11;2. stik;0;2;15;0,00
2021-U42;5-11;3. stik;0;3;0;0,00
2021-U42;12-15;Uvaccinerede;377;0;96679;389,95
2021-U42;12-15;1. stik;22;1;15321;143,59
2021-U42;12-15;2. stik;54;2;187023;28,87
2021-U42;12-15;3. stik;0;3;2;0,00
2021-U42;16-19;Uvaccinerede;164;0;39966;410,35
2021-U42;16-19;1. stik;8;1;6541;122,31
2021-U42;16-19;2. stik;138;2;232903;59,25
2021-U42;16-19;3. stik;0;3;195;0,00
2021-U42;20-39;Uvaccinerede;1287;0;330958;388,87
2021-U42;20-39;1. stik;194;1;46835;414,22
2021-U42;20-39;2. stik;1063;2;1108989;95,85
2021-U42;20-39;3. stik;6;3;8790;68,26
2021-U42;40-64;Uvaccinerede;498;0;164148;303,38
2021-U42;40-64;1. stik;51;1;16469;309,67
2021-U42;40-64;2. stik;2216;2;1706339;129,87
2021-U42;40-64;3. stik;9;3;20269;44,40
2021-U42;65-79;Uvaccinerede;35;0;29628;118,13
2021-U42;65-79;1. stik;3;1;2006;149,55
2021-U42;65-79;2. stik;915;2;826800;110,67
2021-U42;65-79;3. stik;17;3;28953;58,72
2021-U42;80+;Uvaccinerede;11;0;9066;121,33
2021-U42;80+;1. stik;2;1;759;263,50
2021-U42;80+;2. stik;201;2;213296;94,24
2021-U42;80+;3. stik;11;3;36519;30,12
2021-U43;5-11;Uvaccinerede;1795;0;436522;411,20
2021-U43;5-11;1. stik;0;1;19;0,00
2021-U43;5-11;2. stik;0;2;18;0,00
2021-U43;5-11;3. stik;0;3;0;0,00
2021-U43;12-15;Uvaccinerede;520;0;94300;551,43
2021-U43;12-15;1. stik;20;1;14536;137,59
2021-U43;12-15;2. stik;86;2;190187;45,22
2021-U43;12-15;3. stik;0;3;3;0,00
2021-U43;16-19;Uvaccinerede;261;0;39610;658,92
2021-U43;16-19;1. stik;13;1;6215;209,17
2021-U43;16-19;2. stik;288;2;233447;123,37
2021-U43;16-19;3. stik;0;3;332;0,00
2021-U43;20-39;Uvaccinerede;1625;0;327193;496,65
2021-U43;20-39;1. stik;223;1;44896;496,70
2021-U43;20-39;2. stik;1604;2;1108098;144,75
2021-U43;20-39;3. stik;5;3;15386;32,50
2021-U43;40-64;Uvaccinerede;712;0;162856;437,20
2021-U43;40-64;1. stik;62;1;15899;389,96
2021-U43;40-64;2. stik;2908;2;1699890;171,07
2021-U43;40-64;3. stik;29;3;28579;101,47
2021-U43;65-79;Uvaccinerede;51;0;29470;173,06
2021-U43;65-79;1. stik;5;1;1941;257,60
2021-U43;65-79;2. stik;1165;2;825286;141,16
2021-U43;65-79;3. stik;11;3;30689;35,84
2021-U43;80+;Uvaccinerede;13;0;9037;143,85
2021-U43;80+;1. stik;1;1;739;135,32
2021-U43;80+;2. stik;236;2;196833;119,90
2021-U43;80+;3. stik;15;3;53030;28,29
2021-U44;5-11;Uvaccinerede;3733;0;436521;855,17
2021-U44;5-11;1. stik;0;1;19;0,00
2021-U44;5-11;2. stik;0;2;19;0,00
2021-U44;5-11;3. stik;0;3;0;0,00
2021-U44;12-15;Uvaccinerede;655;0;91038;719,48
2021-U44;12-15;1. stik;50;1;15407;324,53
2021-U44;12-15;2. stik;142;2;192574;73,74
2021-U44;12-15;3. stik;0;3;6;0,00
2021-U44;16-19;Uvaccinerede;244;0;39119;623,74
2021-U44;16-19;1. stik;19;1;6236;304,68
2021-U44;16-19;2. stik;345;2;233650;147,66
2021-U44;16-19;3. stik;0;3;600;0,00
2021-U44;20-39;Uvaccinerede;1812;0;322200;562,38
2021-U44;20-39;1. stik;269;1;45195;595,20
2021-U44;20-39;2. stik;2081;2;1101721;188,89
2021-U44;20-39;3. stik;13;3;26457;49,14
2021-U44;40-64;Uvaccinerede;831;0;161144;515,69
2021-U44;40-64;1. stik;77;1;16166;476,31
2021-U44;40-64;2. stik;3670;2;1674570;219,16
2021-U44;40-64;3. stik;36;3;55345;65,05
2021-U44;65-79;Uvaccinerede;43;0;29275;146,88
2021-U44;65-79;1. stik;5;1;1979;252,65
2021-U44;65-79;2. stik;1306;2;811434;160,95
2021-U44;65-79;3. stik;30;3;44699;67,12
2021-U44;80+;Uvaccinerede;14;0;9000;155,56
2021-U44;80+;1. stik;1;1;731;136,80
2021-U44;80+;2. stik;269;2;180197;149,28
2021-U44;80+;3. stik;28;3;69712;40,17
2021-U45;5-11;Uvaccinerede;5255;0;436517;1203,85
2021-U45;5-11;1. stik;0;1;23;0,00
2021-U45;5-11;2. stik;0;2;19;0,00
2021-U45;5-11;3. stik;0;3;0;0,00
2021-U45;12-15;Uvaccinerede;942;0;86079;1094,34
2021-U45;12-15;1. stik;101;1;17868;565,26
2021-U45;12-15;2. stik;236;2;195066;120,98
2021-U45;12-15;3. stik;0;3;12;0,00
2021-U45;16-19;Uvaccinerede;356;0;38173;932,60
2021-U45;16-19;1. stik;38;1;6710;566,32
2021-U45;16-19;2. stik;439;2;233822;187,75
2021-U45;16-19;3. stik;1;3;900;111,11
2021-U45;20-39;Uvaccinerede;2237;0;313096;714,48
2021-U45;20-39;1. stik;434;1;50026;867,55
2021-U45;20-39;2. stik;3303;2;1093664;302,01
2021-U45;20-39;3. stik;28;3;38787;72,19
2021-U45;40-64;Uvaccinerede;1128;0;157867;714,53
2021-U45;40-64;1. stik;102;1;18016;566,16
2021-U45;40-64;2. stik;5351;2;1642691;325,75
2021-U45;40-64;3. stik;83;3;88651;93,63
2021-U45;65-79;Uvaccinerede;70;0;28945;241,84
2021-U45;65-79;1. stik;8;1;2152;371,75
2021-U45;65-79;2. stik;1716;2;792161;216,62
2021-U45;65-79;3. stik;41;3;64129;63,93
2021-U45;80+;Uvaccinerede;18;0;8928;201,61
2021-U45;80+;1. stik;3;1;757;396,30
2021-U45;80+;2. stik;328;2;163551;200,55
2021-U45;80+;3. stik;33;3;86404;38,19
2021-U46;5-11;Uvaccinerede;6202;0;436502;1420,84
2021-U46;5-11;1. stik;0;1;38;0,00
2021-U46;5-11;2. stik;0;2;19;0,00
2021-U46;5-11;3. stik;0;3;0;0,00
2021-U46;12-15;Uvaccinerede;1028;0;79684;1290,10
2021-U46;12-15;1. stik;182;1;22145;821,86
2021-U46;12-15;2. stik;314;2;197175;159,25
2021-U46;12-15;3. stik;0;3;23;0,00
2021-U46;16-19;Uvaccinerede;405;0;36486;1110,01
2021-U46;16-19;1. stik;58;1;7917;732,60
2021-U46;16-19;2. stik;664;2;233954;283,82
2021-U46;16-19;3. stik;2;3;1248;160,26
2021-U46;20-39;Uvaccinerede;2727;0;299355;910,96
2021-U46;20-39;1. stik;555;1;59667;930,16
2021-U46;20-39;2. stik;4073;2;1086169;374,99
2021-U46;20-39;3. stik;59;3;50381;117,11
2021-U46;40-64;Uvaccinerede;1373;0;152834;898,36
2021-U46;40-64;1. stik;194;1;21652;895,99
2021-U46;40-64;2. stik;6697;2;1615605;414,52
2021-U46;40-64;3. stik;153;3;117134;130,62
2021-U46;65-79;Uvaccinerede;99;0;28506;347,30
2021-U46;65-79;1. stik;3;1;2441;122,90
2021-U46;65-79;2. stik;2108;2;773832;272,41
2021-U46;65-79;3. stik;78;3;82608;94,42
2021-U46;80+;Uvaccinerede;25;0;8828;283,19
2021-U46;80+;1. stik;2;1;813;246,00
2021-U46;80+;2. stik;354;2;145656;243,04
2021-U46;80+;3. stik;75;3;104343;71,88
2021-U47;5-11;Uvaccinerede;6649;0;436486;1523,30
2021-U47;5-11;1. stik;0;1;54;0,00
2021-U47;5-11;2. stik;0;2;19;0,00
2021-U47;5-11;3. stik;0;3;0;0,00
2021-U47;12-15;Uvaccinerede;966;0;74962;1288,65
2021-U47;12-15;1. stik;177;1;24931;709,96
2021-U47;12-15;2. stik;337;2;199090;169,27
2021-U47;12-15;3. stik;0;3;42;0,00
2021-U47;16-19;Uvaccinerede;419;0;35119;1193,09
2021-U47;16-19;1. stik;67;1;8693;770,74
2021-U47;16-19;2. stik;641;2;234213;273,68
2021-U47;16-19;3. stik;2;3;1580;126,58
2021-U47;20-39;Uvaccinerede;2637;0;289265;911,62
2021-U47;20-39;1. stik;555;1;64913;854,99
2021-U47;20-39;2. stik;4016;2;1078937;372,22
2021-U47;20-39;3. stik;106;3;62458;169,71
2021-U47;40-64;Uvaccinerede;1313;0;149347;879,16
2021-U47;40-64;1. stik;180;1;23572;763,62
2021-U47;40-64;2. stik;7131;2;1591477;448,07
2021-U47;40-64;3. stik;195;3;142829;136,53
2021-U47;65-79;Uvaccinerede;102;0;28169;362,10
2021-U47;65-79;1. stik;9;1;2621;343,38
2021-U47;65-79;2. stik;2301;2;754351;305,03
2021-U47;65-79;3. stik;81;3;102245;79,22
2021-U47;80+;Uvaccinerede;31;0;8744;354,53
2021-U47;80+;1. stik;2;1;853;234,47
2021-U47;80+;2. stik;330;2;121936;270,63
2021-U47;80+;3. stik;49;3;128107;38,25
2021-U48;5-11;Uvaccinerede;7627;0;429558;1775,55
2021-U48;5-11;1. stik;132;1;6980;1891,12
2021-U48;5-11;2. stik;0;2;20;0,00
2021-U48;5-11;3. stik;0;3;1;0,00
2021-U48;12-15;Uvaccinerede;1046;0;70974;1473,78
2021-U48;12-15;1. stik;189;1;26454;714,45
2021-U48;12-15;2. stik;418;2;201538;207,41
2021-U48;12-15;3. stik;0;3;60;0,00
2021-U48;16-19;Uvaccinerede;485;0;33482;1448,54
2021-U48;16-19;1. stik;78;1;9643;808,88
2021-U48;16-19;2. stik;972;2;234554;414,40
2021-U48;16-19;3. stik;2;3;1926;103,84
2021-U48;20-39;Uvaccinerede;3062;0;279629;1095,02
2021-U48;20-39;1. stik;650;1;68859;943,96
2021-U48;20-39;2. stik;5170;2;1073262;481,71
2021-U48;20-39;3. stik;139;3;73823;188,29
2021-U48;40-64;Uvaccinerede;1551;0;146066;1061,85
2021-U48;40-64;1. stik;192;1;24979;768,65
2021-U48;40-64;2. stik;8656;2;1570741;551,08
2021-U48;40-64;3. stik;255;3;165440;154,13
2021-U48;65-79;Uvaccinerede;103;0;27841;369,96
2021-U48;65-79;1. stik;7;1;2782;251,62
2021-U48;65-79;2. stik;2286;2;710234;321,87
2021-U48;65-79;3. stik;149;3;146530;101,69
2021-U48;80+;Uvaccinerede;15;0;8667;173,07
2021-U48;80+;1. stik;2;1;882;226,76
2021-U48;80+;2. stik;241;2;94770;254,30
2021-U48;80+;3. stik;110;3;155321;70,82
2021-U49;5-11;Uvaccinerede;9092;0;392708;2315,21
2021-U49;5-11;1. stik;1203;1;43830;2744,70
2021-U49;5-11;2. stik;0;2;21;0,00
2021-U49;5-11;3. stik;0;3;1;0,00
2021-U49;12-15;Uvaccinerede;1347;0;67110;2007,15
2021-U49;12-15;1. stik;289;1;27343;1056,94
2021-U49;12-15;2. stik;756;2;204499;369,68
2021-U49;12-15;3. stik;0;3;73;0,00
2021-U49;16-19;Uvaccinerede;561;0;31990;1753,67
2021-U49;16-19;1. stik;102;1;10468;974,40
2021-U49;16-19;2. stik;1758;2;234903;748,39
2021-U49;16-19;3. stik;1;3;2244;44,56
2021-U49;20-39;Uvaccinerede;3733;0;270599;1379,53
2021-U49;20-39;1. stik;904;1;72193;1252,20
2021-U49;20-39;2. stik;8792;2;1069336;822,19
2021-U49;20-39;3. stik;321;3;83445;384,68
2021-U49;40-64;Uvaccinerede;1816;0;142892;1270,89
2021-U49;40-64;1. stik;282;1;26210;1075,93
2021-U49;40-64;2. stik;12271;2;1552884;790,21
2021-U49;40-64;3. stik;507;3;185240;273,70
2021-U49;65-79;Uvaccinerede;123;0;27496;447,34
2021-U49;65-79;1. stik;12;1;2945;407,47
2021-U49;65-79;2. stik;2330;2;594658;391,82
2021-U49;65-79;3. stik;274;3;262288;104,47
2021-U49;80+;Uvaccinerede;31;0;8572;361,64
2021-U49;80+;1. stik;6;1;927;647,25
2021-U49;80+;2. stik;207;2;71652;288,90
2021-U49;80+;3. stik;173;3;178489;96,92
2021-U50;5-11;Uvaccinerede;8239;0;329829;2497,96
2021-U50;5-11;1. stik;2960;1;106704;2774,03
2021-U50;5-11;2. stik;0;2;25;0,00
2021-U50;5-11;3. stik;0;3;1;0,00
2021-U50;12-15;Uvaccinerede;1427;0;63012;2264,65
2021-U50;12-15;1. stik;376;1;26976;1393,83
2021-U50;12-15;2. stik;2011;2;208947;962,45
2021-U50;12-15;3. stik;1;3;90;1111,11
2021-U50;16-19;Uvaccinerede;655;0;30986;2113,86
2021-U50;16-19;1. stik;151;1;10352;1458,66
2021-U50;16-19;2. stik;4711;2;235662;1999,05
2021-U50;16-19;3. stik;8;3;2606;306,98
2021-U50;20-39;Uvaccinerede;4811;0;263630;1824,91
2021-U50;20-39;1. stik;1320;1;70997;1859,23
2021-U50;20-39;2. stik;19202;2;1067403;1798,95
2021-U50;20-39;3. stik;698;3;93543;746,18
2021-U50;40-64;Uvaccinerede;2194;0;140252;1564,33
2021-U50;40-64;1. stik;337;1;25792;1306,61
2021-U50;40-64;2. stik;19934;2;1535221;1298,44
2021-U50;40-64;3. stik;1211;3;205960;587,98
2021-U50;65-79;Uvaccinerede;144;0;27021;532,92
2021-U50;65-79;1. stik;14;1;3134;446,71
2021-U50;65-79;2. stik;2197;2;453975;483,95
2021-U50;65-79;3. stik;704;3;403256;174,58
2021-U50;80+;Uvaccinerede;31;0;8411;368,56
2021-U50;80+;1. stik;6;1;1018;589,39
2021-U50;80+;2. stik;191;2;52620;362,98
2021-U50;80+;3. stik;304;3;197591;153,85
2021-U51;5-11;Uvaccinerede;4198;0;276008;1520,97
2021-U51;5-11;1. stik;2384;1;160511;1485,26
2021-U51;5-11;2. stik;0;2;39;0,00
2021-U51;5-11;3. stik;0;3;1;0,00
2021-U51;12-15;Uvaccinerede;1076;0;59051;1822,15
2021-U51;12-15;1. stik;340;1;25227;1347,76
2021-U51;12-15;2. stik;2478;2;214640;1154,49
2021-U51;12-15;3. stik;2;3;107;1869,16
2021-U51;16-19;Uvaccinerede;678;0;30022;2258,34
2021-U51;16-19;1. stik;168;1;9753;1722,55
2021-U51;16-19;2. stik;5898;2;236710;2491,66
2021-U51;16-19;3. stik;17;3;3119;545,05
2021-U51;20-39;Uvaccinerede;4854;0;257271;1886,73
2021-U51;20-39;1. stik;1378;1;65709;2097,13
2021-U51;20-39;2. stik;22378;2;1066320;2098,62
2021-U51;20-39;3. stik;1123;3;106273;1056,71
2021-U51;40-64;Uvaccinerede;2129;0;137728;1545,80
2021-U51;40-64;1. stik;353;1;23800;1483,19
2021-U51;40-64;2. stik;22369;2;1488097;1503,20
2021-U51;40-64;3. stik;2361;3;257599;916,54
2021-U51;65-79;Uvaccinerede;159;0;26472;600,63
2021-U51;65-79;1. stik;19;1;3248;584,98
2021-U51;65-79;2. stik;1565;2;299899;521,84
2021-U51;65-79;3. stik;1506;3;557768;270,00
2021-U51;80+;Uvaccinerede;45;0;8208;548,25
2021-U51;80+;1. stik;9;1;1127;798,58
2021-U51;80+;2. stik;139;2;36421;381,65
2021-U51;80+;3. stik;443;3;213884;207,12
2021-U52;5-11;Uvaccinerede;5931;0;258674;2292,85
2021-U52;5-11;1. stik;3694;1;177745;2078,26
2021-U52;5-11;2. stik;3;2;140;2142,86
2021-U52;5-11;3. stik;0;3;1;0,00
2021-U52;12-15;Uvaccinerede;1585;0;57249;2768,61
2021-U52;12-15;1. stik;505;1;21891;2306,88
2021-U52;12-15;2. stik;4523;2;219728;2058,45
2021-U52;12-15;3. stik;2;3;157;1273,89
2021-U52;16-19;Uvaccinerede;1063;0;29490;3604,61
2021-U52;16-19;1. stik;255;1;8845;2882,98
2021-U52;16-19;2. stik;8119;2;236754;3429,30
2021-U52;16-19;3. stik;64;3;4515;1417,50
2021-U52;20-39;Uvaccinerede;8443;0;253840;3326,11
2021-U52;20-39;1. stik;2022;1;57410;3522,03
2021-U52;20-39;2. stik;35241;2;1057928;3331,13
2021-U52;20-39;3. stik;2313;3;126395;1829,98
2021-U52;40-64;Uvaccinerede;3530;0;136495;2586,18
2021-U52;40-64;1. stik;521;1;20979;2483,44
2021-U52;40-64;2. stik;25118;2;1102332;2278,62
2021-U52;40-64;3. stik;10481;3;647419;1618,89
2021-U52;65-79;Uvaccinerede;274;0;26225;1044,80
2021-U52;65-79;1. stik;36;1;3071;1172,26
2021-U52;65-79;2. stik;1741;2;149423;1165,15
2021-U52;65-79;3. stik;5834;3;708667;823,24
2021-U52;80+;Uvaccinerede;54;0;8117;665,27
2021-U52;80+;1. stik;12;1;1094;1096,89
2021-U52;80+;2. stik;199;2;23076;862,37
2021-U52;80+;3. stik;1689;3;227353;742,90
2022-U01;5-11;Uvaccinerede;7204;0;245866;2930,05
2022-U01;5-11;1. stik;4290;1;186369;2301,88
2022-U01;5-11;2. stik;70;2;4322;1619,62
2022-U01;5-11;3. stik;0;3;3;0,00
2022-U01;12-15;Uvaccinerede;2270;0;55677;4077,09
2022-U01;12-15;1. stik;568;1;19195;2959,10
2022-U01;12-15;2. stik;6181;2;223858;2761,13
2022-U01;12-15;3. stik;3;3;295;1016,95
2022-U01;16-19;Uvaccinerede;1853;0;29106;6366,38
2022-U01;16-19;1. stik;389;1;7615;5108,34
2022-U01;16-19;2. stik;14175;2;225900;6274,90
2022-U01;16-19;3. stik;498;3;16984;2932,17
2022-U01;20-39;Uvaccinerede;9973;0;251166;3970,68
2022-U01;20-39;1. stik;2066;1;49939;4137,05
2022-U01;20-39;2. stik;37965;2;1021164;3717,82
2022-U01;20-39;3. stik;3677;3;173304;2121,71
2022-U01;40-64;Uvaccinerede;3497;0;135568;2579,52
2022-U01;40-64;1. stik;454;1;18356;2473,31
2022-U01;40-64;2. stik;13418;2;586857;2286,42
2022-U01;40-64;3. stik;16780;3;1166444;1438,56
2022-U01;65-79;Uvaccinerede;221;0;26041;848,66
2022-U01;65-79;1. stik;28;1;2867;976,63
2022-U01;65-79;2. stik;586;2;64489;908,68
2022-U01;65-79;3. stik;4029;3;793989;507,44
2022-U01;80+;Uvaccinerede;66;0;8035;821,41
2022-U01;80+;1. stik;14;1;1054;1328,27
2022-U01;80+;2. stik;97;2;13844;700,66
2022-U01;80+;3. stik;1226;3;236706;517,94
2022-U02;5-11;Uvaccinerede;16828;0;236452;7116,88
2022-U02;5-11;1. stik;10795;1;172793;6247,36
2022-U02;5-11;2. stik;1484;2;27312;5433,51
2022-U02;5-11;3. stik;0;3;3;0,00
2022-U02;12-15;Uvaccinerede;3981;0;54424;7314,79
2022-U02;12-15;1. stik;1069;1;17262;6192,79
2022-U02;12-15;2. stik;13342;2;226904;5880,02
2022-U02;12-15;3. stik;9;3;436;2064,22
2022-U02;16-19;Uvaccinerede;1758;0;28713;6122,66
2022-U02;16-19;1. stik;331;1;6758;4897,90
2022-U02;16-19;2. stik;13711;2;189371;7240,28
2022-U02;16-19;3. stik;1479;3;54762;2700,78
2022-U02;20-39;Uvaccinerede;10144;0;248366;4084,29
2022-U02;20-39;1. stik;1868;1;45522;4103,51
2022-U02;20-39;2. stik;35628;2;891017;3998,58
2022-U02;20-39;3. stik;8859;3;310668;2851,60
2022-U02;40-64;Uvaccinerede;4271;0;134624;3172,54
2022-U02;40-64;1. stik;491;1;16744;2932,39
2022-U02;40-64;2. stik;12535;2;416926;3006,53
2022-U02;40-64;3. stik;26903;3;1338932;2009,29
2022-U02;65-79;Uvaccinerede;204;0;25841;789,44
2022-U02;65-79;1. stik;39;1;2795;1395,35
2022-U02;65-79;2. stik;391;2;46025;849,54
2022-U02;65-79;3. stik;4374;3;812725;538,19
2022-U02;80+;Uvaccinerede;65;0;7950;817,61
2022-U02;80+;1. stik;5;1;1062;470,81
2022-U02;80+;2. stik;75;2;11201;669,58
2022-U02;80+;3. stik;1123;3;239426;469,04
2022-U03;5-11;Uvaccinerede;25914;0;231577;11190,23
2022-U03;5-11;1. stik;12877;1;131252;9810,90
2022-U03;5-11;2. stik;7662;2;73726;10392,53
2022-U03;5-11;3. stik;0;3;4;0,00
2022-U03;12-15;Uvaccinerede;6070;0;53679;11307,96
2022-U03;12-15;1. stik;1477;1;14321;10313,53
2022-U03;12-15;2. stik;24828;2;230350;10778,38
2022-U03;12-15;3. stik;28;3;676;4142,01
2022-U03;16-19;Uvaccinerede;2153;0;28421;7575,38
2022-U03;16-19;1. stik;377;1;5977;6307,51
2022-U03;16-19;2. stik;19092;2;167803;11377,63
2022-U03;16-19;3. stik;3359;3;77404;4339,57
2022-U03;20-39;Uvaccinerede;14034;0;246439;5694,72
2022-U03;20-39;1. stik;2281;1;40140;5682,61
2022-U03;20-39;2. stik;43007;2;753473;5707,84
2022-U03;20-39;3. stik;21190;3;455521;4651,82
2022-U03;40-64;Uvaccinerede;6271;0;133944;4681,81
2022-U03;40-64;1. stik;665;1;14969;4442,51
2022-U03;40-64;2. stik;15296;2;318627;4800,60
2022-U03;40-64;3. stik;52904;3;1439685;3674,69
2022-U03;65-79;Uvaccinerede;311;0;25687;1210,73
2022-U03;65-79;1. stik;25;1;2583;967,87
2022-U03;65-79;2. stik;414;2;36361;1138,58
2022-U03;65-79;3. stik;7556;3;822756;918,38
2022-U03;80+;Uvaccinerede;62;0;7889;785,90
2022-U03;80+;1. stik;12;1;1021;1175,32
2022-U03;80+;2. stik;102;2;9654;1056,56
2022-U03;80+;3. stik;1476;3;241075;612,26
2022-U04;5-11;Uvaccinerede;23211;0;229516;10113,02
2022-U04;5-11;1. stik;7601;1;87012;8735,58
2022-U04;5-11;2. stik;13263;2;120027;11050,01
2022-U04;5-11;3. stik;0;3;4;0,00
2022-U04;12-15;Uvaccinerede;5624;0;53276;10556,35
2022-U04;12-15;1. stik;1049;1;11173;9388,70
2022-U04;12-15;2. stik;26473;2;233700;11327,77
2022-U04;12-15;3. stik;41;3;876;4680,37
2022-U04;16-19;Uvaccinerede;1984;0;28226;7028,98
2022-U04;16-19;1. stik;306;1;5172;5916,47
2022-U04;16-19;2. stik;14931;2;152414;9796,34
2022-U04;16-19;3. stik;4397;3;93793;4687,98
2022-U04;20-39;Uvaccinerede;13444;0;245050;5486,23
2022-U04;20-39;1. stik;1971;1;34798;5664,12
2022-U04;20-39;2. stik;35841;2;622876;5754,11
2022-U04;20-39;3. stik;31980;3;592849;5394,29
2022-U04;40-64;Uvaccinerede;6714;0;133484;5029,82
2022-U04;40-64;1. stik;567;1;13066;4339,51
2022-U04;40-64;2. stik;12153;2;254296;4779,08
2022-U04;40-64;3. stik;67651;3;1506379;4490,97
2022-U04;65-79;Uvaccinerede;371;0;25591;1449,73
2022-U04;65-79;1. stik;28;1;2232;1254,48
2022-U04;65-79;2. stik;402;2;29586;1358,75
2022-U04;65-79;3. stik;11472;3;829977;1382,21
2022-U04;80+;Uvaccinerede;78;0;7847;994,01
2022-U04;80+;1. stik;12;1;903;1328,90
2022-U04;80+;2. stik;122;2;8360;1459,33
2022-U04;80+;3. stik;2365;3;242530;975,14
2022-U05;5-11;Uvaccinerede;18344;0;228668;8022,11
2022-U05;5-11;1. stik;4224;1;66218;6378,93
2022-U05;5-11;2. stik;14442;2;141668;10194,26
2022-U05;5-11;3. stik;0;3;5;0,00
2022-U05;12-15;Uvaccinerede;4388;0;53084;8266,14
2022-U05;12-15;1. stik;638;1;9369;6809,69
2022-U05;12-15;2. stik;23192;2;235580;9844,64
2022-U05;12-15;3. stik;46;3;994;4627,77
2022-U05;16-19;Uvaccinerede;1479;0;28124;5258,85
2022-U05;16-19;1. stik;190;1;4651;4085,14
2022-U05;16-19;2. stik;12018;2;139351;8624,27
2022-U05;16-19;3. stik;4629;3;107479;4306,89
2022-U05;20-39;Uvaccinerede;12162;0;244310;4978,10
2022-U05;20-39;1. stik;1579;1;31092;5078,48
2022-U05;20-39;2. stik;28105;2;511110;5498,82
2022-U05;20-39;3. stik;42912;3;709060;6051,96
2022-U05;40-64;Uvaccinerede;5901;0;133242;4428,78
2022-U05;40-64;1. stik;474;1;11868;3993,93
2022-U05;40-64;2. stik;8873;2;212604;4173,49
2022-U05;40-64;3. stik;76882;3;1549511;4961,69
2022-U05;65-79;Uvaccinerede;406;0;25521;1590,85
2022-U05;65-79;1. stik;34;1;1992;1706,83
2022-U05;65-79;2. stik;368;2;25454;1445,75
2022-U05;65-79;3. stik;16554;3;834419;1983,90
2022-U05;80+;Uvaccinerede;96;0;7827;1226,52
2022-U05;80+;1. stik;16;1;809;1977,75
2022-U05;80+;2. stik;119;2;7546;1576,99
2022-U05;80+;3. stik;3411;3;243457;1401,07
2022-U06;5-11;Uvaccinerede;12355;0;228397;5409,44
2022-U06;5-11;1. stik;2104;1;54297;3874,98
2022-U06;5-11;2. stik;11578;2;153948;7520,72
2022-U06;5-11;3. stik;0;3;5;0,00
2022-U06;12-15;Uvaccinerede;2746;0;53017;5179,47
2022-U06;12-15;1. stik;338;1;8069;4188,87
2022-U06;12-15;2. stik;16221;2;236922;6846,56
2022-U06;12-15;3. stik;27;3;1058;2551,98
2022-U06;16-19;Uvaccinerede;1508;0;28071;5372,09
2022-U06;16-19;1. stik;191;1;4270;4473,07
2022-U06;16-19;2. stik;10812;2;133182;8118,21
2022-U06;16-19;3. stik;8206;3;114093;7192,38
2022-U06;20-39;Uvaccinerede;13480;0;243986;5524,91
2022-U06;20-39;1. stik;1708;1;28508;5991,30
2022-U06;20-39;2. stik;29115;2;451774;6444,59
2022-U06;20-39;3. stik;61378;3;771479;7955,89
2022-U06;40-64;Uvaccinerede;5878;0;133131;4415,20
2022-U06;40-64;1. stik;425;1;10948;3881,99
2022-U06;40-64;2. stik;7831;2;191611;4086,93
2022-U06;40-64;3. stik;86771;3;1571564;5521,32
2022-U06;65-79;Uvaccinerede;503;0;25477;1974,33
2022-U06;65-79;1. stik;41;1;1822;2250,27
2022-U06;65-79;2. stik;413;2;23384;1766,16
2022-U06;65-79;3. stik;24006;3;836669;2869,24
2022-U06;80+;Uvaccinerede;106;0;7804;1358,28
2022-U06;80+;1. stik;13;1;745;1744,97
2022-U06;80+;2. stik;151;2;7085;2131,26
2022-U06;80+;3. stik;5004;3;243934;2051,37
2022-U07;5-11;Uvaccinerede;5471;0;228837;2390,78
2022-U07;5-11;1. stik;760;1;47363;1604,63
2022-U07;5-11;2. stik;6273;2;161102;3893,81
2022-U07;5-11;3. stik;0;3;5;0,00
2022-U07;12-15;Uvaccinerede;1257;0;53230;2361,45
2022-U07;12-15;1. stik;135;1;7265;1858,22
2022-U07;12-15;2. stik;8188;2;237737;3444,14
2022-U07;12-15;3. stik;30;3;1123;2671,42
2022-U07;16-19;Uvaccinerede;696;0;28072;2479,34
2022-U07;16-19;1. stik;83;1;4035;2057,00
2022-U07;16-19;2. stik;5258;2;129990;4044,93
2022-U07;16-19;3. stik;4592;3;117580;3905,43
2022-U07;20-39;Uvaccinerede;8863;0;244315;3627,69
2022-U07;20-39;1. stik;1039;1;26895;3863,17
2022-U07;20-39;2. stik;18622;2;426973;4361,40
2022-U07;20-39;3. stik;45562;3;798191;5708,16
2022-U07;40-64;Uvaccinerede;4367;0;133216;3278,13
2022-U07;40-64;1. stik;309;1;10349;2985,80
2022-U07;40-64;2. stik;5640;2;181425;3108,72
2022-U07;40-64;3. stik;77908;3;1582347;4923,57
2022-U07;65-79;Uvaccinerede;508;0;25478;1993,88
2022-U07;65-79;1. stik;30;1;1688;1777,25
2022-U07;65-79;2. stik;445;2;22206;2003,96
2022-U07;65-79;3. stik;28445;3;837656;3395,79
2022-U07;80+;Uvaccinerede;121;0;7772;1556,87
2022-U07;80+;1. stik;12;1;681;1762,11
2022-U07;80+;2. stik;155;2;6803;2278,41
2022-U07;80+;3. stik;6563;3;243799;2691,97
2022-U08;5-11;Uvaccinerede;2564;0;229408;1117,66
2022-U08;5-11;1. stik;328;1;43917;746,86
2022-U08;5-11;2. stik;3157;2;164714;1916,66
2022-U08;5-11;3. stik;0;3;5;0,00
2022-U08;12-15;Uvaccinerede;568;0;53491;1061,86
2022-U08;12-15;1. stik;64;1;6819;938,55
2022-U08;12-15;2. stik;4261;2;238197;1788,86
2022-U08;12-15;3. stik;17;3;1171;1451,75
2022-U08;16-19;Uvaccinerede;344;0;28093;1224,50
2022-U08;16-19;1. stik;42;1;3874;1084,15
2022-U08;16-19;2. stik;2544;2;127986;1987,72
2022-U08;16-19;3. stik;2588;3;119802;2160,23
2022-U08;20-39;Uvaccinerede;4675;0;245241;1906,29
2022-U08;20-39;1. stik;524;1;25803;2030,77
2022-U08;20-39;2. stik;9797;2;414004;2366,40
2022-U08;20-39;3. stik;27007;3;812446;3324,16
2022-U08;40-64;Uvaccinerede;2650;0;133357;1987,15
2022-U08;40-64;1. stik;212;1;9909;2139,47
2022-U08;40-64;2. stik;3382;2;175697;1924,90
2022-U08;40-64;3. stik;52963;3;1588443;3334,27
2022-U08;65-79;Uvaccinerede;388;0;25460;1523,96
2022-U08;65-79;1. stik;27;1;1571;1718,65
2022-U08;65-79;2. stik;328;2;21458;1528,57
2022-U08;65-79;3. stik;23373;3;838129;2788,71
2022-U08;80+;Uvaccinerede;133;0;7750;1716,13
2022-U08;80+;1. stik;10;1;624;1602,56
2022-U08;80+;2. stik;138;2;6574;2099,18
2022-U08;80+;3. stik;5874;3;243451;2412,81
2022-U09;5-11;Uvaccinerede;1702;0;229960;740,13
2022-U09;5-11;1. stik;215;1;41886;513,30
2022-U09;5-11;2. stik;2327;2;166862;1394,57
2022-U09;5-11;3. stik;0;3;5;0,00
2022-U09;12-15;Uvaccinerede;436;0;53714;811,71
2022-U09;12-15;1. stik;35;1;6555;533,94
2022-U09;12-15;2. stik;2896;2;238500;1214,26
2022-U09;12-15;3. stik;8;3;1196;668,90
2022-U09;16-19;Uvaccinerede;232;0;28130;824,74
2022-U09;16-19;1. stik;16;1;3781;423,17
2022-U09;16-19;2. stik;1695;2;127121;1333,38
2022-U09;16-19;3. stik;1569;3;120802;1298,82
2022-U09;20-39;Uvaccinerede;2990;0;245959;1215,65
2022-U09;20-39;1. stik;351;1;25191;1393,35
2022-U09;20-39;2. stik;6085;2;431392;1410,55
2022-U09;20-39;3. stik;17521;3;795826;2201,61
2022-U09;40-64;Uvaccinerede;1802;0;133480;1350,01
2022-U09;40-64;1. stik;103;1;9651;1067,25
2022-U09;40-64;2. stik;2312;2;175405;1318,09
2022-U09;40-64;3. stik;39766;3;1588899;2502,74
2022-U09;65-79;Uvaccinerede;321;0;25436;1261,99
2022-U09;65-79;1. stik;25;1;1506;1660,03
2022-U09;65-79;2. stik;237;2;20977;1129,81
2022-U09;65-79;3. stik;20145;3;838296;2403,09
2022-U09;80+;Uvaccinerede;99;0;7717;1282,88
2022-U09;80+;1. stik;13;1;596;2181,21
2022-U09;80+;2. stik;85;2;6422;1323,58
2022-U09;80+;3. stik;5133;3;243046;2111,95
2022-U10;5-11;Uvaccinerede;945;0;230523;409,94
2022-U10;5-11;1. stik;123;1;40610;302,88
2022-U10;5-11;2. stik;1317;2;168265;782,69
2022-U10;5-11;3. stik;0;3;6;0,00
2022-U10;12-15;Uvaccinerede;264;0;53989;488,99
2022-U10;12-15;1. stik;24;1;6372;376,65
2022-U10;12-15;2. stik;1921;2;238726;804,69
2022-U10;12-15;3. stik;9;3;1207;745,65
2022-U10;16-19;Uvaccinerede;151;0;28121;536,97
2022-U10;16-19;1. stik;14;1;3709;377,46
2022-U10;16-19;2. stik;1152;2;126501;910,66
2022-U10;16-19;3. stik;1009;3;121527;830,27
2022-U10;20-39;Uvaccinerede;2143;0;246467;869,49
2022-U10;20-39;1. stik;215;1;24751;868,65
2022-U10;20-39;2. stik;4240;2;435358;973,91
2022-U10;20-39;3. stik;12408;3;792398;1565,88
2022-U10;40-64;Uvaccinerede;1355;0;133629;1014,00
2022-U10;40-64;1. stik;82;1;9487;864,34
2022-U10;40-64;2. stik;1565;2;174226;898,26
2022-U10;40-64;3. stik;29697;3;1590153;1867,56
2022-U10;65-79;Uvaccinerede;249;0;25454;978,24
2022-U10;65-79;1. stik;10;1;1452;688,71
2022-U10;65-79;2. stik;169;2;20628;819,27
2022-U10;65-79;3. stik;15951;3;838336;1902,70
2022-U10;80+;Uvaccinerede;81;0;7685;1054,00
2022-U10;80+;1. stik;5;1;566;883,39
2022-U10;80+;2. stik;77;2;6297;1222,80
2022-U10;80+;3. stik;4167;3;242625;1717,47
2022-U11;5-11;Uvaccinerede;383;0;231188;165,67
2022-U11;5-11;1. stik;52;1;39596;131,33
2022-U11;5-11;2. stik;523;2;169367;308,80
2022-U11;5-11;3. stik;0;3;7;0,00
2022-U11;12-15;Uvaccinerede;136;0;54216;250,85
2022-U11;12-15;1. stik;3;1;6211;48,30
2022-U11;12-15;2. stik;864;2;238930;361,61
2022-U11;12-15;3. stik;5;3;1216;411,18
2022-U11;16-19;Uvaccinerede;70;0;28167;248,52
2022-U11;16-19;1. stik;4;1;3710;107,82
2022-U11;16-19;2. stik;487;2;125752;387,27
2022-U11;16-19;3. stik;482;3;122307;394,09
2022-U11;20-39;Uvaccinerede;1370;0;247015;554,62
2022-U11;20-39;1. stik;130;1;28242;460,31
2022-U11;20-39;2. stik;2362;2;426110;554,32
2022-U11;20-39;3. stik;6886;3;798240;862,65
2022-U11;40-64;Uvaccinerede;897;0;133819;670,31
2022-U11;40-64;1. stik;59;1;9860;598,38
2022-U11;40-64;2. stik;1005;2;171699;585,33
2022-U11;40-64;3. stik;19425;3;1592234;1219,98
2022-U11;65-79;Uvaccinerede;176;0;25470;691,01
2022-U11;65-79;1. stik;11;1;1437;765,48
2022-U11;65-79;2. stik;130;2;20322;639,70
2022-U11;65-79;3. stik;11676;3;838282;1392,85
2022-U11;80+;Uvaccinerede;59;0;7672;769,03
2022-U11;80+;1. stik;1;1;539;185,53
2022-U11;80+;2. stik;60;2;6206;966,81
2022-U11;80+;3. stik;3216;3;242171;1327,99
2022-U12;5-11;Uvaccinerede;216;0;231852;93,16
2022-U12;5-11;1. stik;23;1;39003;58,97
2022-U12;5-11;2. stik;284;2;170040;167,02
2022-U12;5-11;3. stik;0;3;7;0,00
2022-U12;12-15;Uvaccinerede;65;0;54429;119,42
2022-U12;12-15;1. stik;7;1;6106;114,64
2022-U12;12-15;2. stik;498;2;239066;208,31
2022-U12;12-15;3. stik;1;3;1221;81,90
2022-U12;16-19;Uvaccinerede;43;0;28241;152,26
2022-U12;16-19;1. stik;4;1;3671;108,96
2022-U12;16-19;2. stik;273;2;125010;218,38
2022-U12;16-19;3. stik;276;3;123114;224,18
2022-U12;20-39;Uvaccinerede;891;0;247388;360,16
2022-U12;20-39;1. stik;77;1;28585;269,37
2022-U12;20-39;2. stik;1494;2;421033;354,84
2022-U12;20-39;3. stik;4766;3;803135;593,42
2022-U12;40-64;Uvaccinerede;624;0;134021;465,60
2022-U12;40-64;1. stik;44;1;9845;446,93
2022-U12;40-64;2. stik;727;2;170115;427,36
2022-U12;40-64;3. stik;13533;3;1593758;849,13
2022-U12;65-79;Uvaccinerede;129;0;25486;506,16
2022-U12;65-79;1. stik;10;1;1428;700,28
2022-U12;65-79;2. stik;116;2;20088;577,46
2022-U12;65-79;3. stik;8510;3;838126;1015,36
2022-U12;80+;Uvaccinerede;45;0;7661;587,39
2022-U12;80+;1. stik;2;1;527;379,51
2022-U12;80+;2. stik;41;2;6140;667,75
2022-U12;80+;3. stik;2343;3;241675;969,48
2022-U13;5-11;Uvaccinerede;134;0;232549;57,62
2022-U13;5-11;1. stik;13;1;38607;33,67
2022-U13;5-11;2. stik;149;2;170522;87,38
2022-U13;5-11;3. stik;0;3;7;0,00
2022-U13;12-15;Uvaccinerede;43;0;54672;78,65
2022-U13;12-15;1. stik;4;1;6051;66,10
2022-U13;12-15;2. stik;238;2;239166;99,51
2022-U13;12-15;3. stik;1;3;1228;81,43
2022-U13;16-19;Uvaccinerede;27;0;28299;95,41
2022-U13;16-19;1. stik;5;1;3613;138,39
2022-U13;16-19;2. stik;163;2;124477;130,95
2022-U13;16-19;3. stik;165;3;123731;133,35
2022-U13;20-39;Uvaccinerede;553;0;247789;223,17
2022-U13;20-39;1. stik;55;1;28372;193,85
2022-U13;20-39;2. stik;878;2;417031;210,54
2022-U13;20-39;3. stik;2765;3;807446;342,44
2022-U13;40-64;Uvaccinerede;449;0;134297;334,33
2022-U13;40-64;1. stik;40;1;9756;410,00
2022-U13;40-64;2. stik;459;2;168878;271,79
2022-U13;40-64;3. stik;9074;3;1594982;568,91
2022-U13;65-79;Uvaccinerede;79;0;25523;309,52
2022-U13;65-79;1. stik;6;1;1409;425,83
2022-U13;65-79;2. stik;83;2;19894;417,21
2022-U13;65-79;3. stik;5703;3;837951;680,59
2022-U13;80+;Uvaccinerede;46;0;7656;600,84
2022-U13;80+;1. stik;4;1;517;773,69
2022-U13;80+;2. stik;25;2;6073;411,66
2022-U13;80+;3. stik;1527;3;241206;633,07
2022-U14;5-11;Uvaccinerede;88;0;233335;37,71
2022-U14;5-11;1. stik;11;1;38316;28,71
2022-U14;5-11;2. stik;110;2;170893;64,37
2022-U14;5-11;3. stik;0;3;8;0,00
2022-U14;12-15;Uvaccinerede;39;0;54974;70,94
2022-U14;12-15;1. stik;3;1;5983;50,14
2022-U14;12-15;2. stik;202;2;239276;84,42
2022-U14;12-15;3. stik;0;3;1235;0,00
2022-U14;16-19;Uvaccinerede;29;0;28319;102,40
2022-U14;16-19;1. stik;3;1;3581;83,78
2022-U14;16-19;2. stik;126;2;123989;101,62
2022-U14;16-19;3. stik;107;3;124276;86,10
2022-U14;20-39;Uvaccinerede;423;0;248369;170,31
2022-U14;20-39;1. stik;36;1;28161;127,84
2022-U14;20-39;2. stik;668;2;413624;161,50
2022-U14;20-39;3. stik;2161;3;811087;266,43
2022-U14;40-64;Uvaccinerede;346;0;134690;256,89
2022-U14;40-64;1. stik;30;1;9688;309,66
2022-U14;40-64;2. stik;382;2;167802;227,65
2022-U14;40-64;3. stik;6934;3;1595998;434,46
2022-U14;65-79;Uvaccinerede;60;0;25577;234,59
2022-U14;65-79;1. stik;4;1;1393;287,15
2022-U14;65-79;2. stik;56;2;19737;283,73
2022-U14;65-79;3. stik;4571;3;837671;545,68
2022-U14;80+;Uvaccinerede;23;0;7646;300,81
2022-U14;80+;1. stik;3;1;503;596,42
2022-U14;80+;2. stik;25;2;6022;415,14
2022-U14;80+;3. stik;1277;3;240671;530,60
2022-U15;5-11;Uvaccinerede;59;0;233956;25,22
2022-U15;5-11;1. stik;11;1;38075;28,89
2022-U15;5-11;2. stik;72;2;171214;42,05
2022-U15;5-11;3. stik;0;3;8;0,00
2022-U15;12-15;Uvaccinerede;26;0;55267;47,04
2022-U15;12-15;1. stik;4;1;5925;67,51
2022-U15;12-15;2. stik;124;2;239373;51,80
2022-U15;12-15;3. stik;0;3;1239;0,00
2022-U15;16-19;Uvaccinerede;12;0;28348;42,33
2022-U15;16-19;1. stik;0;1;3558;0,00
2022-U15;16-19;2. stik;65;2;123596;52,59
2022-U15;16-19;3. stik;86;3;124714;68,96
2022-U15;20-39;Uvaccinerede;298;0;248857;119,75
2022-U15;20-39;1. stik;33;1;27982;117,93
2022-U15;20-39;2. stik;472;2;410620;114,95
2022-U15;20-39;3. stik;1551;3;814374;190,45
2022-U15;40-64;Uvaccinerede;247;0;135023;182,93
2022-U15;40-64;1. stik;11;1;9634;114,18
2022-U15;40-64;2. stik;248;2;166916;148,58
2022-U15;40-64;3. stik;4989;3;1596887;312,42
2022-U15;65-79;Uvaccinerede;60;0;25633;234,07
2022-U15;65-79;1. stik;5;1;1377;363,11
2022-U15;65-79;2. stik;40;2;19610;203,98
2022-U15;65-79;3. stik;3275;3;837465;391,06
2022-U15;80+;Uvaccinerede;24;0;7633;314,42
2022-U15;80+;1. stik;1;1;492;203,25
2022-U15;80+;2. stik;18;2;5980;301,00
2022-U15;80+;3. stik;924;3;240269;384,57
2022-U16;5-11;Uvaccinerede;61;0;234924;25,97
2022-U16;5-11;1. stik;5;1;37926;13,18
2022-U16;5-11;2. stik;73;2;171430;42,58
2022-U16;5-11;3. stik;0;3;8;0,00
2022-U16;12-15;Uvaccinerede;27;0;55664;48,51
2022-U16;12-15;1. stik;0;1;5895;0,00
2022-U16;12-15;2. stik;131;2;239447;54,71
2022-U16;12-15;3. stik;1;3;1239;80,71
2022-U16;16-19;Uvaccinerede;25;0;28420;87,97
2022-U16;16-19;1. stik;2;1;3540;56,50
2022-U16;16-19;2. stik;86;2;123214;69,80
2022-U16;16-19;3. stik;71;3;125121;56,75
2022-U16;20-39;Uvaccinerede;288;0;249275;115,54
2022-U16;20-39;1. stik;30;1;27864;107,67
2022-U16;20-39;2. stik;432;2;407958;105,89
2022-U16;20-39;3. stik;1516;3;817204;185,51
2022-U16;40-64;Uvaccinerede;242;0;135455;178,66
2022-U16;40-64;1. stik;15;1;9590;156,41
2022-U16;40-64;2. stik;230;2;166078;138,49
2022-U16;40-64;3. stik;4403;3;1597644;275,59
2022-U16;65-79;Uvaccinerede;46;0;25699;179,00
2022-U16;65-79;1. stik;3;1;1369;219,14
2022-U16;65-79;2. stik;39;2;19489;200,11
2022-U16;65-79;3. stik;2445;3;837207;292,04
2022-U16;80+;Uvaccinerede;23;0;7641;301,01
2022-U16;80+;1. stik;3;1;485;618,56
2022-U16;80+;2. stik;22;2;5931;370,93
2022-U16;80+;3. stik;814;3;239761;339,50
2022-U17;5-11;Uvaccinerede;36;0;235964;15,26
2022-U17;5-11;1. stik;1;1;37803;2,65
2022-U17;5-11;2. stik;46;2;171639;26,80
2022-U17;5-11;3. stik;0;3;8;0,00
2022-U17;12-15;Uvaccinerede;14;0;56130;24,94
2022-U17;12-15;1. stik;1;1;5891;16,98
2022-U17;12-15;2. stik;81;2;239512;33,82
2022-U17;12-15;3. stik;0;3;1242;0,00
2022-U17;16-19;Uvaccinerede;11;0;28502;38,59
2022-U17;16-19;1. stik;0;1;3527;0,00
2022-U17;16-19;2. stik;56;2;122899;45,57
2022-U17;16-19;3. stik;45;3;125468;35,87
2022-U17;20-39;Uvaccinerede;175;0;250094;69,97
2022-U17;20-39;1. stik;13;1;27773;46,81
2022-U17;20-39;2. stik;244;2;405729;60,14
2022-U17;20-39;3. stik;908;3;819576;110,79
2022-U17;40-64;Uvaccinerede;129;0;136107;94,78
2022-U17;40-64;1. stik;11;1;9565;115,00
2022-U17;40-64;2. stik;135;2;165328;81,66
2022-U17;40-64;3. stik;2711;3;1598274;169,62
2022-U17;65-79;Uvaccinerede;39;0;25802;151,15
2022-U17;65-79;1. stik;3;1;1364;219,94
2022-U17;65-79;2. stik;21;2;19367;108,43
2022-U17;65-79;3. stik;1759;3;836905;210,18
2022-U17;80+;Uvaccinerede;18;0;7633;235,82
2022-U17;80+;1. stik;1;1;480;208,33
2022-U17;80+;2. stik;16;2;5883;271,97
2022-U17;80+;3. stik;534;3;239210;223,23
2022-U18;5-11;Uvaccinerede;35;0;237001;14,77
2022-U18;5-11;1. stik;4;1;37768;10,59
2022-U18;5-11;2. stik;44;2;171765;25,62
2022-U18;5-11;3. stik;0;3;9;0,00
2022-U18;12-15;Uvaccinerede;9;0;56564;15,91
2022-U18;12-15;1. stik;2;1;5922;33,77
2022-U18;12-15;2. stik;55;2;239549;22,96
2022-U18;12-15;3. stik;0;3;1245;0,00
2022-U18;16-19;Uvaccinerede;5;0;28612;17,48
2022-U18;16-19;1. stik;0;1;3521;0,00
2022-U18;16-19;2. stik;34;2;122694;27,71
2022-U18;16-19;3. stik;44;3;125695;35,01
2022-U18;20-39;Uvaccinerede;135;0;251056;53,77
2022-U18;20-39;1. stik;10;1;27729;36,06
2022-U18;20-39;2. stik;205;2;404212;50,72
2022-U18;20-39;3. stik;691;3;821099;84,16
2022-U18;40-64;Uvaccinerede;130;0;136864;94,98
2022-U18;40-64;1. stik;10;1;9558;104,62
2022-U18;40-64;2. stik;110;2;164811;66,74
2022-U18;40-64;3. stik;2360;3;1598664;147,62
2022-U18;65-79;Uvaccinerede;40;0;25929;154,27
2022-U18;65-79;1. stik;1;1;1358;73,64
2022-U18;65-79;2. stik;23;2;19294;119,21
2022-U18;65-79;3. stik;1456;3;836602;174,04
2022-U18;80+;Uvaccinerede;9;0;7634;117,89
2022-U18;80+;1. stik;0;1;476;0,00
2022-U18;80+;2. stik;10;2;5834;171,41
2022-U18;80+;3. stik;378;3;238726;158,34
2022-U19;5-11;Uvaccinerede;18;0;238156;7,56
2022-U19;5-11;1. stik;2;1;37661;5,31
2022-U19;5-11;2. stik;33;2;171988;19,19
2022-U19;5-11;3. stik;0;3;9;0,00
2022-U19;12-15;Uvaccinerede;5;0;57025;8,77
2022-U19;12-15;1. stik;0;1;5929;0,00
2022-U19;12-15;2. stik;48;2;239613;20,03
2022-U19;12-15;3. stik;1;3;1251;79,94
2022-U19;16-19;Uvaccinerede;4;0;28763;13,91
2022-U19;16-19;1. stik;1;1;3523;28,38
2022-U19;16-19;2. stik;41;2;122323;33,52
2022-U19;16-19;3. stik;27;3;126097;21,41
2022-U19;20-39;Uvaccinerede;152;0;252139;60,28
2022-U19;20-39;1. stik;17;1;27585;61,63
2022-U19;20-39;2. stik;179;2;401940;44,53
2022-U19;20-39;3. stik;562;3;823594;68,24
2022-U19;40-64;Uvaccinerede;118;0;137657;85,72
2022-U19;40-64;1. stik;7;1;9555;73,26
2022-U19;40-64;2. stik;82;2;164049;49,99
2022-U19;40-64;3. stik;1921;3;1599343;120,11
2022-U19;65-79;Uvaccinerede;15;0;26073;57,53
2022-U19;65-79;1. stik;1;1;1353;73,91
2022-U19;65-79;2. stik;12;2;19161;62,63
2022-U19;65-79;3. stik;1177;3;836397;140,72
2022-U19;80+;Uvaccinerede;10;0;7637;130,94
2022-U19;80+;1. stik;1;1;474;210,97
2022-U19;80+;2. stik;5;2;5779;86,52
2022-U19;80+;3. stik;307;3;238340;128,81
