"Uge";"Aldersgruppe";"Vaccinationsstatus";"Antal nyindlagte";"sort_Var";"Befolkningstørrelse";"Nyindlagte pr. 100.000"
2020-U52;5-11;Uvaccinerede;4;0;436558;0,92
2020-U52;12-15;Uvaccinerede;2;0;299024;0,67
2020-U52;16-19;Uvaccinerede;7;0;279602;2,50
2020-U52;20-39;Uvaccinerede;100;0;1495563;6,69
2020-U52;40-64;Uvaccinerede;332;0;1907216;17,41
2020-U52;65-79;Uvaccinerede;329;0;887385;37,08
2020-U52;80+;Uvaccinerede;275;0;259636;105,92
2020-U53;5-11;Uvaccinerede;1;0;436558;0,23
2020-U53;16-19;Uvaccinerede;11;0;279520;3,94
2020-U53;16-19;1. stik;0;1;84;0,00
2020-U53;20-39;Uvaccinerede;89;0;1490188;5,97
2020-U53;20-39;1. stik;0;1;5384;0,00
2020-U53;40-64;Uvaccinerede;286;0;1895683;15,09
2020-U53;40-64;1. stik;0;1;11541;0,00
2020-U53;65-79;Uvaccinerede;305;0;884560;34,48
2020-U53;65-79;1. stik;4;1;2826;141,54
2020-U53;80+;Uvaccinerede;280;0;256022;109,37
2020-U53;80+;1. stik;16;1;3617;442,36
2021-U01;5-11;Uvaccinerede;2;0;436558;0,46
2021-U01;12-15;Uvaccinerede;2;0;299022;0,67
2021-U01;16-19;Uvaccinerede;5;0;279268;1,79
2021-U01;16-19;1. stik;0;1;336;0,00
2021-U01;20-39;Uvaccinerede;72;0;1480246;4,86
2021-U01;20-39;1. stik;3;1;15325;19,58
2021-U01;40-64;Uvaccinerede;233;0;1870141;12,46
2021-U01;40-64;1. stik;7;1;37083;18,88
2021-U01;65-79;Uvaccinerede;246;0;877125;28,05
2021-U01;65-79;1. stik;22;1;10261;214,40
2021-U01;80+;Uvaccinerede;236;0;245484;96,14
2021-U01;80+;1. stik;42;1;14155;296,71
2021-U02;5-11;Uvaccinerede;1;0;436558;0,23
2021-U02;12-15;Uvaccinerede;1;0;299022;0,33
2021-U02;16-19;Uvaccinerede;3;0;279062;1,08
2021-U02;16-19;1. stik;0;1;542;0,00
2021-U02;20-39;Uvaccinerede;48;0;1471591;3,26
2021-U02;20-39;1. stik;1;1;23981;4,17
2021-U02;40-64;Uvaccinerede;178;0;1849550;9,62
2021-U02;40-64;1. stik;15;1;57672;26,01
2021-U02;65-79;Uvaccinerede;183;0;868663;21,07
2021-U02;65-79;1. stik;34;1;18723;181,59
2021-U02;80+;Uvaccinerede;139;0;235644;58,99
2021-U02;80+;1. stik;63;1;23995;262,55
2021-U03;5-11;Uvaccinerede;1;0;436557;0,23
2021-U03;12-15;Uvaccinerede;1;0;299021;0,33
2021-U03;16-19;Uvaccinerede;4;0;278906;1,43
2021-U03;16-19;1. stik;0;1;697;0,00
2021-U03;20-39;Uvaccinerede;44;0;1465468;3,00
2021-U03;20-39;1. stik;2;1;30101;6,64
2021-U03;40-64;Uvaccinerede;145;0;1836862;7,89
2021-U03;40-64;1. stik;12;1;70358;17,06
2021-U03;65-79;Uvaccinerede;130;0;859899;15,12
2021-U03;65-79;1. stik;24;1;27487;87,31
2021-U03;80+;Uvaccinerede;105;0;226102;46,44
2021-U03;80+;1. stik;60;1;33537;178,91
2021-U04;12-15;Uvaccinerede;0;0;299019;0,00
2021-U04;16-19;Uvaccinerede;3;0;278861;1,08
2021-U04;16-19;1. stik;0;1;743;0,00
2021-U04;20-39;Uvaccinerede;41;0;1464502;2,80
2021-U04;20-39;1. stik;0;1;31047;0,00
2021-U04;20-39;2. stik;0;2;23;0,00
2021-U04;40-64;Uvaccinerede;87;0;1834729;4,74
2021-U04;40-64;1. stik;3;1;72444;4,14
2021-U04;40-64;2. stik;2;2;51;3921,57
2021-U04;65-79;Uvaccinerede;84;0;858859;9,78
2021-U04;65-79;1. stik;10;1;28512;35,07
2021-U04;80+;Uvaccinerede;70;0;225048;31,10
2021-U04;80+;1. stik;29;1;34571;83,89
2021-U04;80+;2. stik;0;2;21;0,00
2021-U05;5-11;Uvaccinerede;2;0;436557;0,46
2021-U05;16-19;Uvaccinerede;2;0;278795;0,72
2021-U05;16-19;1. stik;0;1;773;0,00
2021-U05;16-19;2. stik;0;2;37;0,00
2021-U05;20-39;Uvaccinerede;24;0;1463404;1,64
2021-U05;20-39;1. stik;0;1;30176;0,00
2021-U05;20-39;2. stik;0;2;1993;0,00
2021-U05;40-64;Uvaccinerede;68;0;1832358;3,71
2021-U05;40-64;1. stik;1;1;69744;1,43
2021-U05;40-64;2. stik;0;2;5122;0,00
2021-U05;65-79;Uvaccinerede;66;0;857258;7,70
2021-U05;65-79;1. stik;12;1;28365;42,31
2021-U05;65-79;2. stik;1;2;1763;56,72
2021-U05;80+;Uvaccinerede;32;0;223184;14,34
2021-U05;80+;1. stik;16;1;33936;47,15
2021-U05;80+;2. stik;0;2;2519;0,00
2021-U06;5-11;Uvaccinerede;2;0;436557;0,46
2021-U06;12-15;Uvaccinerede;2;0;299017;0,67
2021-U06;16-19;Uvaccinerede;2;0;278692;0,72
2021-U06;16-19;1. stik;0;1;727;0,00
2021-U06;16-19;2. stik;0;2;184;0,00
2021-U06;20-39;Uvaccinerede;30;0;1460479;2,05
2021-U06;20-39;1. stik;1;1;26523;3,77
2021-U06;20-39;2. stik;0;2;8570;0,00
2021-U06;40-64;Uvaccinerede;68;0;1827173;3,72
2021-U06;40-64;1. stik;2;1;57996;3,45
2021-U06;40-64;2. stik;0;2;22055;0,00
2021-U06;65-79;Uvaccinerede;51;0;855656;5,96
2021-U06;65-79;1. stik;7;1;24374;28,72
2021-U06;65-79;2. stik;1;2;7356;13,59
2021-U06;80+;Uvaccinerede;26;0;214495;12,12
2021-U06;80+;1. stik;10;1;34768;28,76
2021-U06;80+;2. stik;1;2;10376;9,64
2021-U07;5-11;Uvaccinerede;2;0;436557;0,46
2021-U07;12-15;Uvaccinerede;1;0;299015;0,33
2021-U07;16-19;Uvaccinerede;1;0;278354;0,36
2021-U07;16-19;1. stik;0;1;782;0,00
2021-U07;16-19;2. stik;0;2;469;0,00
2021-U07;20-39;Uvaccinerede;20;0;1451658;1,38
2021-U07;20-39;1. stik;0;1;24804;0,00
2021-U07;20-39;2. stik;0;2;19111;0,00
2021-U07;40-64;Uvaccinerede;63;0;1809891;3,48
2021-U07;40-64;1. stik;0;1;48061;0,00
2021-U07;40-64;2. stik;0;2;49272;0,00
2021-U07;65-79;Uvaccinerede;36;0;851527;4,23
2021-U07;65-79;1. stik;4;1;18744;21,34
2021-U07;65-79;2. stik;2;2;17116;11,68
2021-U07;80+;Uvaccinerede;35;0;183239;19,10
2021-U07;80+;1. stik;7;1;54027;12,96
2021-U07;80+;2. stik;2;2;22374;8,94
2021-U08;5-11;Uvaccinerede;1;0;436557;0,23
2021-U08;12-15;Uvaccinerede;1;0;299011;0,33
2021-U08;16-19;Uvaccinerede;3;0;277852;1,08
2021-U08;16-19;1. stik;0;1;1114;0,00
2021-U08;16-19;2. stik;0;2;639;0,00
2021-U08;20-39;Uvaccinerede;35;0;1438055;2,43
2021-U08;20-39;1. stik;0;1;31264;0,00
2021-U08;20-39;2. stik;0;2;26252;0,00
2021-U08;40-64;Uvaccinerede;77;0;1780853;4,32
2021-U08;40-64;1. stik;3;1;62209;4,82
2021-U08;40-64;2. stik;3;2;64163;4,68
2021-U08;65-79;Uvaccinerede;42;0;838999;5,01
2021-U08;65-79;1. stik;4;1;23420;17,08
2021-U08;65-79;2. stik;0;2;24967;0,00
2021-U08;80+;Uvaccinerede;18;0;148099;12,15
2021-U08;80+;1. stik;12;1;79930;15,01
2021-U08;80+;2. stik;1;2;31610;3,16
2021-U09;5-11;Uvaccinerede;2;0;436557;0,46
2021-U09;12-15;Uvaccinerede;1;0;298985;0,33
2021-U09;12-15;1. stik;0;1;37;0,00
2021-U09;16-19;Uvaccinerede;3;0;277042;1,08
2021-U09;16-19;1. stik;1;1;1850;54,05
2021-U09;16-19;2. stik;0;2;712;0,00
2021-U09;20-39;Uvaccinerede;38;0;1417502;2,68
2021-U09;20-39;1. stik;0;1;48491;0,00
2021-U09;20-39;2. stik;0;2;29578;0,00
2021-U09;40-64;Uvaccinerede;79;0;1734252;4,56
2021-U09;40-64;1. stik;3;1;102991;2,91
2021-U09;40-64;2. stik;1;2;69981;1,43
2021-U09;65-79;Uvaccinerede;49;0;810472;6,05
2021-U09;65-79;1. stik;8;1;49474;16,17
2021-U09;65-79;2. stik;1;2;27441;3,64
2021-U09;80+;Uvaccinerede;21;0;133950;15,68
2021-U09;80+;1. stik;13;1;92349;14,08
2021-U09;80+;2. stik;2;2;33340;6,00
2021-U10;12-15;Uvaccinerede;1;0;298965;0,33
2021-U10;12-15;1. stik;0;1;57;0,00
2021-U10;16-19;Uvaccinerede;2;0;276344;0,72
2021-U10;16-19;1. stik;0;1;2490;0,00
2021-U10;16-19;2. stik;0;2;770;0,00
2021-U10;20-39;Uvaccinerede;32;0;1398900;2,29
2021-U10;20-39;1. stik;0;1;65871;0,00
2021-U10;20-39;2. stik;1;2;30801;3,25
2021-U10;40-64;Uvaccinerede;76;0;1699216;4,47
2021-U10;40-64;1. stik;8;1;135422;5,91
2021-U10;40-64;2. stik;1;2;72585;1,38
2021-U10;65-79;Uvaccinerede;47;0;790200;5,95
2021-U10;65-79;1. stik;10;1;67993;14,71
2021-U10;65-79;2. stik;0;2;29192;0,00
2021-U10;80+;Uvaccinerede;15;0;124324;12,07
2021-U10;80+;1. stik;6;1;100648;5,96
2021-U10;80+;2. stik;2;2;34667;5,77
2021-U11;5-11;Uvaccinerede;1;0;436557;0,23
2021-U11;12-15;Uvaccinerede;1;0;298952;0,33
2021-U11;12-15;1. stik;0;1;67;0,00
2021-U11;16-19;Uvaccinerede;3;0;276081;1,09
2021-U11;16-19;1. stik;0;1;2685;0,00
2021-U11;16-19;2. stik;0;2;838;0,00
2021-U11;20-39;Uvaccinerede;20;0;1393448;1,44
2021-U11;20-39;1. stik;1;1;70018;1,43
2021-U11;20-39;2. stik;0;2;32105;0,00
2021-U11;40-64;Uvaccinerede;89;0;1687415;5,27
2021-U11;40-64;1. stik;9;1;144399;6,23
2021-U11;40-64;2. stik;0;2;75407;0,00
2021-U11;65-79;Uvaccinerede;45;0;779805;5,77
2021-U11;65-79;1. stik;6;1;76553;7,84
2021-U11;65-79;2. stik;1;2;31022;3,22
2021-U11;80+;Uvaccinerede;19;0;111063;17,11
2021-U11;80+;1. stik;6;1;108465;5,53
2021-U11;80+;2. stik;2;2;40109;4,99
2021-U12;16-19;Uvaccinerede;3;0;275813;1,09
2021-U12;16-19;1. stik;0;1;2892;0,00
2021-U12;16-19;2. stik;0;2;898;0,00
2021-U12;20-39;Uvaccinerede;50;0;1389341;3,60
2021-U12;20-39;1. stik;0;1;72683;0,00
2021-U12;20-39;2. stik;2;2;33545;5,96
2021-U12;40-64;Uvaccinerede;107;0;1677966;6,38
2021-U12;40-64;1. stik;2;1;150410;1,33
2021-U12;40-64;2. stik;2;2;78841;2,54
2021-U12;65-79;Uvaccinerede;56;0;769520;7,28
2021-U12;65-79;1. stik;9;1;83369;10,80
2021-U12;65-79;2. stik;0;2;34487;0,00
2021-U12;80+;Uvaccinerede;8;0;87542;9,14
2021-U12;80+;1. stik;4;1;101253;3,95
2021-U12;80+;2. stik;5;2;70837;7,06
2021-U13;5-11;Uvaccinerede;2;0;436557;0,46
2021-U13;12-15;Uvaccinerede;1;0;298946;0,33
2021-U13;12-15;1. stik;0;1;70;0,00
2021-U13;16-19;Uvaccinerede;1;0;275600;0,36
2021-U13;16-19;1. stik;0;1;2958;0,00
2021-U13;16-19;2. stik;0;2;1046;0,00
2021-U13;20-39;Uvaccinerede;46;0;1385999;3,32
2021-U13;20-39;1. stik;0;1;73436;0,00
2021-U13;20-39;2. stik;0;2;36134;0,00
2021-U13;40-64;Uvaccinerede;108;0;1667871;6,48
2021-U13;40-64;1. stik;3;1;152606;1,97
2021-U13;40-64;2. stik;0;2;86737;0,00
2021-U13;65-79;Uvaccinerede;56;0;739846;7,57
2021-U13;65-79;1. stik;8;1;101054;7,92
2021-U13;65-79;2. stik;2;2;46477;4,30
2021-U13;80+;Uvaccinerede;15;0;53924;27,82
2021-U13;80+;1. stik;9;1;99220;9,07
2021-U13;80+;2. stik;1;2;106488;0,94
2021-U14;5-11;Uvaccinerede;1;0;436556;0,23
2021-U14;16-19;Uvaccinerede;5;0;275399;1,82
2021-U14;16-19;1. stik;0;1;2895;0,00
2021-U14;16-19;2. stik;0;2;1310;0,00
2021-U14;20-39;Uvaccinerede;47;0;1383337;3,40
2021-U14;20-39;1. stik;1;1;72331;1,38
2021-U14;20-39;2. stik;2;2;39900;5,01
2021-U14;40-64;Uvaccinerede;99;0;1660374;5,96
2021-U14;40-64;1. stik;1;1;147171;0,68
2021-U14;40-64;2. stik;1;2;99667;1,00
2021-U14;65-79;Uvaccinerede;47;0;684007;6,87
2021-U14;65-79;1. stik;6;1;134882;4,45
2021-U14;65-79;2. stik;1;2;68485;1,46
2021-U14;80+;Uvaccinerede;9;0;34040;26,44
2021-U14;80+;1. stik;6;1;105147;5,71
2021-U14;80+;2. stik;2;2;120444;1,66
2021-U15;5-11;Uvaccinerede;2;0;436556;0,46
2021-U15;16-19;Uvaccinerede;3;0;275197;1,09
2021-U15;16-19;1. stik;0;1;2843;0,00
2021-U15;16-19;2. stik;0;2;1565;0,00
2021-U15;20-39;Uvaccinerede;50;0;1380574;3,62
2021-U15;20-39;1. stik;1;1;71698;1,39
2021-U15;20-39;2. stik;0;2;43296;0,00
2021-U15;40-64;Uvaccinerede;100;0;1653740;6,05
2021-U15;40-64;1. stik;1;1;142853;0,70
2021-U15;40-64;2. stik;1;2;110618;0,90
2021-U15;65-79;Uvaccinerede;45;0;530277;8,49
2021-U15;65-79;1. stik;11;1;268823;4,09
2021-U15;65-79;2. stik;2;2;88270;2,27
2021-U15;80+;Uvaccinerede;5;0;21446;23,31
2021-U15;80+;1. stik;5;1;109516;4,57
2021-U15;80+;2. stik;5;2;128669;3,89
2021-U16;16-19;Uvaccinerede;4;0;275021;1,45
2021-U16;16-19;1. stik;0;1;2803;0,00
2021-U16;16-19;2. stik;0;2;1780;0,00
2021-U16;20-39;Uvaccinerede;55;0;1378392;3,99
2021-U16;20-39;1. stik;0;1;70261;0,00
2021-U16;20-39;2. stik;0;2;46914;0,00
2021-U16;40-64;Uvaccinerede;91;0;1648470;5,52
2021-U16;40-64;1. stik;2;1;138543;1,44
2021-U16;40-64;2. stik;3;2;120193;2,50
2021-U16;65-79;Uvaccinerede;30;0;395923;7,58
2021-U16;65-79;1. stik;9;1;390054;2,31
2021-U16;65-79;2. stik;4;2;101388;3,95
2021-U16;65-79;3. stik;0;3;21;0,00
2021-U16;80+;Uvaccinerede;1;0;18090;5,53
2021-U16;80+;1. stik;5;1;103406;4,84
2021-U16;80+;2. stik;10;2;138135;7,24
2021-U17;12-15;Uvaccinerede;1;0;298938;0,33
2021-U17;12-15;1. stik;0;1;21;0,00
2021-U17;12-15;2. stik;0;2;66;0,00
2021-U17;16-19;Uvaccinerede;5;0;274838;1,82
2021-U17;16-19;1. stik;0;1;2679;0,00
2021-U17;16-19;2. stik;0;2;2088;0,00
2021-U17;20-39;Uvaccinerede;47;0;1376321;3,41
2021-U17;20-39;1. stik;0;1;67278;0,00
2021-U17;20-39;2. stik;1;2;51966;1,92
2021-U17;40-64;Uvaccinerede;108;0;1638824;6,59
2021-U17;40-64;1. stik;2;1;136372;1,47
2021-U17;40-64;2. stik;2;2;132004;1,52
2021-U17;40-64;3. stik;1;3;24;4166,67
2021-U17;65-79;Uvaccinerede;23;0;255213;9,01
2021-U17;65-79;1. stik;20;1;518151;3,86
2021-U17;65-79;2. stik;5;2;114000;4,39
2021-U17;65-79;3. stik;0;3;22;0,00
2021-U17;80+;Uvaccinerede;3;0;15964;18,79
2021-U17;80+;1. stik;1;1;82077;1,22
2021-U17;80+;2. stik;4;2;161587;2,48
2021-U18;5-11;Uvaccinerede;1;0;436555;0,23
2021-U18;16-19;Uvaccinerede;1;0;274639;0,36
2021-U18;16-19;1. stik;0;1;2680;0,00
2021-U18;16-19;2. stik;0;2;2285;0,00
2021-U18;20-39;Uvaccinerede;46;0;1373869;3,35
2021-U18;20-39;1. stik;1;1;66815;1,50
2021-U18;20-39;2. stik;3;2;54880;5,47
2021-U18;40-64;Uvaccinerede;111;0;1598346;6,94
2021-U18;40-64;1. stik;1;1;167225;0,60
2021-U18;40-64;2. stik;1;2;141625;0,71
2021-U18;40-64;3. stik;0;3;29;0,00
2021-U18;65-79;Uvaccinerede;15;0;162397;9,24
2021-U18;65-79;1. stik;14;1;591126;2,37
2021-U18;65-79;2. stik;5;2;133841;3,74
2021-U18;65-79;3. stik;1;3;23;4347,83
2021-U18;80+;Uvaccinerede;4;0;14498;27,59
2021-U18;80+;1. stik;2;1;49151;4,07
2021-U18;80+;2. stik;3;2;195978;1,53
2021-U19;5-11;Uvaccinerede;2;0;436555;0,46
2021-U19;12-15;Uvaccinerede;1;0;298920;0,33
2021-U19;12-15;1. stik;0;1;36;0,00
2021-U19;12-15;2. stik;0;2;69;0,00
2021-U19;16-19;Uvaccinerede;9;0;274455;3,28
2021-U19;16-19;1. stik;0;1;2676;0,00
2021-U19;16-19;2. stik;0;2;2472;0,00
2021-U19;20-39;Uvaccinerede;54;0;1370994;3,94
2021-U19;20-39;1. stik;0;1;66707;0,00
2021-U19;20-39;2. stik;3;2;57855;5,19
2021-U19;40-64;Uvaccinerede;114;0;1520834;7,50
2021-U19;40-64;1. stik;5;1;236856;2,11
2021-U19;40-64;2. stik;6;2;149490;4,01
2021-U19;40-64;3. stik;3;3;45;6666,67
2021-U19;65-79;Uvaccinerede;22;0;98242;22,39
2021-U19;65-79;1. stik;23;1;608085;3,78
2021-U19;65-79;2. stik;8;2;181034;4,42
2021-U19;65-79;3. stik;0;3;25;0,00
2021-U19;80+;Uvaccinerede;4;0;13411;29,83
2021-U19;80+;1. stik;0;1;28249;0,00
2021-U19;80+;2. stik;4;2;217965;1,84
2021-U20;5-11;Uvaccinerede;2;0;436555;0,46
2021-U20;12-15;Uvaccinerede;1;0;298877;0,33
2021-U20;12-15;1. stik;0;1;77;0,00
2021-U20;12-15;2. stik;0;2;71;0,00
2021-U20;16-19;Uvaccinerede;2;0;274236;0,73
2021-U20;16-19;1. stik;0;1;2569;0,00
2021-U20;16-19;2. stik;0;2;2799;0,00
2021-U20;20-39;Uvaccinerede;52;0;1368024;3,80
2021-U20;20-39;1. stik;1;1;61841;1,62
2021-U20;20-39;2. stik;1;2;65681;1,52
2021-U20;20-39;3. stik;1;3;26;3846,15
2021-U20;40-64;Uvaccinerede;116;0;1380238;8,40
2021-U20;40-64;1. stik;4;1;360940;1,11
2021-U20;40-64;2. stik;0;2;165985;0,00
2021-U20;40-64;3. stik;0;3;61;0,00
2021-U20;65-79;Uvaccinerede;3;0;66537;4,51
2021-U20;65-79;1. stik;10;1;518933;1,93
2021-U20;65-79;2. stik;3;2;301889;0,99
2021-U20;65-79;3. stik;0;3;28;0,00
2021-U20;80+;Uvaccinerede;1;0;12651;7,90
2021-U20;80+;1. stik;0;1;16163;0,00
2021-U20;80+;2. stik;3;2;230810;1,30
2021-U21;5-11;Uvaccinerede;2;0;436554;0,46
2021-U21;12-15;Uvaccinerede;1;0;298851;0,33
2021-U21;12-15;1. stik;0;1;100;0,00
2021-U21;12-15;2. stik;0;2;75;0,00
2021-U21;16-19;Uvaccinerede;4;0;272730;1,47
2021-U21;16-19;1. stik;0;1;3664;0,00
2021-U21;16-19;2. stik;0;2;3209;0,00
2021-U21;20-39;Uvaccinerede;49;0;1365021;3,59
2021-U21;20-39;1. stik;1;1;54522;1,83
2021-U21;20-39;2. stik;1;2;76000;1,32
2021-U21;20-39;3. stik;0;3;30;0,00
2021-U21;40-64;Uvaccinerede;96;0;1169288;8,21
2021-U21;40-64;1. stik;14;1;549815;2,55
2021-U21;40-64;2. stik;1;2;188049;0,53
2021-U21;40-64;3. stik;0;3;72;0,00
2021-U21;65-79;Uvaccinerede;7;0;52253;13,40
2021-U21;65-79;1. stik;9;1;391461;2,30
2021-U21;65-79;2. stik;3;2;443642;0,68
2021-U21;65-79;3. stik;0;3;31;0,00
2021-U21;80+;Uvaccinerede;0;0;12020;0,00
2021-U21;80+;1. stik;0;1;8855;0,00
2021-U21;80+;2. stik;4;2;238749;1,68
2021-U22;12-15;Uvaccinerede;2;0;298834;0,67
2021-U22;12-15;1. stik;0;1;112;0,00
2021-U22;12-15;2. stik;0;2;79;0,00
2021-U22;16-19;Uvaccinerede;3;0;263210;1,14
2021-U22;16-19;1. stik;0;1;12660;0,00
2021-U22;16-19;2. stik;0;2;3733;0,00
2021-U22;20-39;Uvaccinerede;46;0;1358346;3,39
2021-U22;20-39;1. stik;0;1;47749;0,00
2021-U22;20-39;2. stik;3;2;89445;3,35
2021-U22;20-39;3. stik;0;3;33;0,00
2021-U22;40-64;Uvaccinerede;69;0;932373;7,40
2021-U22;40-64;1. stik;18;1;759272;2,37
2021-U22;40-64;2. stik;3;2;215501;1,39
2021-U22;40-64;3. stik;0;3;79;0,00
2021-U22;65-79;Uvaccinerede;6;0;44912;13,36
2021-U22;65-79;1. stik;4;1;281969;1,42
2021-U22;65-79;2. stik;3;2;560472;0,54
2021-U22;65-79;3. stik;0;3;34;0,00
2021-U22;80+;Uvaccinerede;1;0;11466;8,72
2021-U22;80+;1. stik;0;1;6609;0,00
2021-U22;80+;2. stik;7;2;241547;2,90
2021-U23;5-11;Uvaccinerede;1;0;436547;0,23
2021-U23;12-15;Uvaccinerede;5;0;298818;1,67
2021-U23;12-15;1. stik;0;1;125;0,00
2021-U23;12-15;2. stik;0;2;82;0,00
2021-U23;16-19;Uvaccinerede;3;0;218399;1,37
2021-U23;16-19;1. stik;1;1;56938;1,76
2021-U23;16-19;2. stik;0;2;4267;0,00
2021-U23;20-39;Uvaccinerede;29;0;1330499;2,18
2021-U23;20-39;1. stik;1;1;61570;1,62
2021-U23;20-39;2. stik;2;2;103468;1,93
2021-U23;20-39;3. stik;0;3;36;0,00
2021-U23;40-64;Uvaccinerede;53;0;705840;7,51
2021-U23;40-64;1. stik;22;1;959773;2,29
2021-U23;40-64;2. stik;4;2;241525;1,66
2021-U23;40-64;3. stik;0;3;87;0,00
2021-U23;65-79;Uvaccinerede;5;0;41361;12,09
2021-U23;65-79;1. stik;1;1;238966;0,42
2021-U23;65-79;2. stik;3;2;607024;0,49
2021-U23;65-79;3. stik;0;3;36;0,00
2021-U23;80+;Uvaccinerede;1;0;11087;9,02
2021-U23;80+;1. stik;0;1;5703;0,00
2021-U23;80+;2. stik;3;2;242830;1,24
2021-U23;80+;3. stik;0;3;20;0,00
2021-U24;5-11;Uvaccinerede;1;0;436545;0,23
2021-U24;12-15;Uvaccinerede;1;0;298800;0,33
2021-U24;12-15;1. stik;0;1;126;0,00
2021-U24;12-15;2. stik;0;2;99;0,00
2021-U24;16-19;Uvaccinerede;3;0;155254;1,93
2021-U24;16-19;1. stik;0;1;119721;0,00
2021-U24;16-19;2. stik;0;2;4629;0,00
2021-U24;20-39;Uvaccinerede;27;0;1267253;2,13
2021-U24;20-39;1. stik;1;1;111660;0,90
2021-U24;20-39;2. stik;2;2;116620;1,71
2021-U24;20-39;3. stik;0;3;40;0,00
2021-U24;40-64;Uvaccinerede;24;0;505990;4,74
2021-U24;40-64;1. stik;8;1;1135441;0,70
2021-U24;40-64;2. stik;5;2;265699;1,88
2021-U24;40-64;3. stik;0;3;94;0,00
2021-U24;65-79;Uvaccinerede;3;0;39049;7,68
2021-U24;65-79;1. stik;1;1;181261;0,55
2021-U24;65-79;2. stik;2;2;667036;0,30
2021-U24;65-79;3. stik;1;3;40;2500,00
2021-U24;80+;Uvaccinerede;2;0;10776;18,56
2021-U24;80+;1. stik;2;1;4858;41,17
2021-U24;80+;2. stik;4;2;243984;1,64
2021-U24;80+;3. stik;0;3;21;0,00
2021-U25;5-11;Uvaccinerede;1;0;436544;0,23
2021-U25;12-15;Uvaccinerede;1;0;298636;0,33
2021-U25;12-15;1. stik;0;1;252;0,00
2021-U25;12-15;2. stik;0;2;137;0,00
2021-U25;20-39;Uvaccinerede;19;0;1183120;1,61
2021-U25;20-39;1. stik;1;1;177702;0,56
2021-U25;20-39;2. stik;1;2;134709;0,74
2021-U25;20-39;3. stik;0;3;42;0,00
2021-U25;40-64;Uvaccinerede;11;0;370419;2,97
2021-U25;40-64;1. stik;8;1;1226188;0,65
2021-U25;40-64;2. stik;2;2;310513;0,64
2021-U25;40-64;3. stik;1;3;104;961,54
2021-U25;65-79;Uvaccinerede;3;0;37437;8,01
2021-U25;65-79;1. stik;1;1;119458;0,84
2021-U25;65-79;2. stik;5;2;730448;0,68
2021-U25;65-79;3. stik;0;3;43;0,00
2021-U25;80+;Uvaccinerede;0;0;10542;0,00
2021-U25;80+;1. stik;0;1;4129;0,00
2021-U25;80+;2. stik;1;2;244947;0,41
2021-U25;80+;3. stik;0;3;21;0,00
2021-U26;12-15;Uvaccinerede;1;0;295283;0,34
2021-U26;12-15;1. stik;0;1;3583;0,00
2021-U26;12-15;2. stik;0;2;159;0,00
2021-U26;16-19;Uvaccinerede;2;0;86668;2,31
2021-U26;16-19;1. stik;1;1;187680;0,53
2021-U26;16-19;2. stik;0;2;5253;0,00
2021-U26;20-39;Uvaccinerede;20;0;1092705;1,83
2021-U26;20-39;1. stik;1;1;250960;0,40
2021-U26;20-39;2. stik;0;2;151865;0,00
2021-U26;20-39;3. stik;0;3;42;0,00
2021-U26;40-64;Uvaccinerede;3;0;295181;1,02
2021-U26;40-64;1. stik;5;1;1238239;0,40
2021-U26;40-64;2. stik;1;2;373693;0,27
2021-U26;40-64;3. stik;0;3;112;0,00
2021-U26;65-79;Uvaccinerede;1;0;36428;2,75
2021-U26;65-79;1. stik;0;1;64848;0,00
2021-U26;65-79;2. stik;1;2;786065;0,13
2021-U26;65-79;3. stik;0;3;45;0,00
2021-U26;80+;Uvaccinerede;0;0;10381;0,00
2021-U26;80+;1. stik;1;1;3582;27,92
2021-U26;80+;2. stik;4;2;245655;1,63
2021-U26;80+;3. stik;0;3;22;0,00
2021-U27;5-11;Uvaccinerede;1;0;436544;0,23
2021-U27;12-15;Uvaccinerede;1;0;288655;0,35
2021-U27;12-15;1. stik;0;1;10197;0,00
2021-U27;12-15;2. stik;0;2;174;0,00
2021-U27;16-19;Uvaccinerede;1;0;72552;1,38
2021-U27;16-19;1. stik;1;1;201545;0,50
2021-U27;16-19;2. stik;0;2;5504;0,00
2021-U27;20-39;Uvaccinerede;27;0;956225;2,82
2021-U27;20-39;1. stik;6;1;379311;1,58
2021-U27;20-39;2. stik;0;2;159992;0,00
2021-U27;20-39;3. stik;0;3;44;0,00
2021-U27;40-64;Uvaccinerede;8;0;250746;3,19
2021-U27;40-64;1. stik;7;1;1147142;0,61
2021-U27;40-64;2. stik;1;2;509214;0,20
2021-U27;40-64;3. stik;0;3;123;0,00
2021-U27;65-79;Uvaccinerede;2;0;35386;5,65
2021-U27;65-79;1. stik;0;1;32959;0,00
2021-U27;65-79;2. stik;8;2;818991;0,98
2021-U27;65-79;3. stik;0;3;50;0,00
2021-U27;80+;Uvaccinerede;2;0;10232;19,55
2021-U27;80+;1. stik;0;1;3088;0,00
2021-U27;80+;2. stik;0;2;246297;0,00
2021-U27;80+;3. stik;0;3;23;0,00
2021-U28;5-11;Uvaccinerede;3;0;436543;0,69
2021-U28;16-19;Uvaccinerede;1;0;64506;1,55
2021-U28;16-19;1. stik;0;1;208277;0,00
2021-U28;16-19;2. stik;0;2;6818;0,00
2021-U28;20-39;Uvaccinerede;42;0;731810;5,74
2021-U28;20-39;1. stik;10;1;598349;1,67
2021-U28;20-39;2. stik;3;2;165368;1,81
2021-U28;20-39;3. stik;0;3;46;0,00
2021-U28;40-64;Uvaccinerede;18;0;225709;7,97
2021-U28;40-64;1. stik;7;1;955856;0,73
2021-U28;40-64;2. stik;2;2;725528;0,28
2021-U28;40-64;3. stik;0;3;132;0,00
2021-U28;65-79;Uvaccinerede;1;0;34421;2,91
2021-U28;65-79;1. stik;2;1;20103;9,95
2021-U28;65-79;2. stik;7;2;832806;0,84
2021-U28;65-79;3. stik;1;3;57;1754,39
2021-U28;80+;Uvaccinerede;0;0;10094;0,00
2021-U28;80+;1. stik;0;1;2637;0,00
2021-U28;80+;2. stik;4;2;246885;1,62
2021-U28;80+;3. stik;0;3;24;0,00
2021-U29;12-15;Uvaccinerede;1;0;250003;0,40
2021-U29;12-15;1. stik;0;1;48823;0,00
2021-U29;12-15;2. stik;0;2;200;0,00
2021-U29;16-19;Uvaccinerede;3;0;59427;5,05
2021-U29;16-19;1. stik;0;1;203742;0,00
2021-U29;16-19;2. stik;1;2;16433;6,09
2021-U29;20-39;Uvaccinerede;42;0;576725;7,28
2021-U29;20-39;1. stik;10;1;748805;1,34
2021-U29;20-39;2. stik;1;2;169990;0,59
2021-U29;20-39;3. stik;0;3;52;0,00
2021-U29;40-64;Uvaccinerede;19;0;211760;8,97
2021-U29;40-64;1. stik;6;1;731594;0,82
2021-U29;40-64;2. stik;0;2;963722;0,00
2021-U29;40-64;3. stik;0;3;148;0,00
2021-U29;65-79;Uvaccinerede;3;0;33709;8,90
2021-U29;65-79;1. stik;0;1;13107;0,00
2021-U29;65-79;2. stik;4;2;840512;0,48
2021-U29;65-79;3. stik;0;3;59;0,00
2021-U29;80+;Uvaccinerede;2;0;9958;20,08
2021-U29;80+;1. stik;0;1;2247;0,00
2021-U29;80+;2. stik;9;2;247408;3,64
2021-U29;80+;3. stik;0;3;26;0,00
2021-U30;5-11;Uvaccinerede;2;0;436542;0,46
2021-U30;12-15;Uvaccinerede;0;0;209726;0,00
2021-U30;12-15;1. stik;1;1;89080;1,12
2021-U30;12-15;2. stik;0;2;219;0,00
2021-U30;16-19;Uvaccinerede;1;0;55355;1,81
2021-U30;16-19;1. stik;0;1;168687;0,00
2021-U30;16-19;2. stik;0;2;55558;0,00
2021-U30;20-39;Uvaccinerede;37;0;483546;7,65
2021-U30;20-39;1. stik;11;1;825030;1,33
2021-U30;20-39;2. stik;0;2;186936;0,00
2021-U30;20-39;3. stik;0;3;60;0,00
2021-U30;40-64;Uvaccinerede;22;0;200884;10,95
2021-U30;40-64;1. stik;13;1;525183;2,48
2021-U30;40-64;2. stik;10;2;1180994;0,85
2021-U30;40-64;3. stik;1;3;164;609,76
2021-U30;65-79;Uvaccinerede;4;0;33080;12,09
2021-U30;65-79;1. stik;0;1;9986;0,00
2021-U30;65-79;2. stik;8;2;844261;0,95
2021-U30;65-79;3. stik;0;3;60;0,00
2021-U30;80+;Uvaccinerede;0;0;9850;0,00
2021-U30;80+;1. stik;0;1;1968;0,00
2021-U30;80+;2. stik;5;2;247793;2,02
2021-U30;80+;3. stik;0;3;29;0,00
2021-U31;5-11;Uvaccinerede;1;0;436542;0,23
2021-U31;12-15;Uvaccinerede;2;0;175177;1,14
2021-U31;12-15;1. stik;0;1;123301;0,00
2021-U31;12-15;2. stik;0;2;547;0,00
2021-U31;16-19;Uvaccinerede;2;0;52452;3,81
2021-U31;16-19;1. stik;1;1;112029;0,89
2021-U31;16-19;2. stik;0;2;115119;0,00
2021-U31;20-39;Uvaccinerede;37;0;435849;8,49
2021-U31;20-39;1. stik;7;1;815806;0,86
2021-U31;20-39;2. stik;1;2;243851;0,41
2021-U31;20-39;3. stik;0;3;67;0,00
2021-U31;40-64;Uvaccinerede;25;0;193700;12,91
2021-U31;40-64;1. stik;10;1;334295;2,99
2021-U31;40-64;2. stik;15;2;1379047;1,09
2021-U31;40-64;3. stik;0;3;183;0,00
2021-U31;65-79;Uvaccinerede;5;0;32606;15,33
2021-U31;65-79;1. stik;1;1;7992;12,51
2021-U31;65-79;2. stik;9;2;846727;1,06
2021-U31;65-79;3. stik;0;3;61;0,00
2021-U31;80+;Uvaccinerede;1;0;9759;10,25
2021-U31;80+;1. stik;0;1;1731;0,00
2021-U31;80+;2. stik;14;2;248120;5,64
2021-U31;80+;3. stik;0;3;29;0,00
2021-U32;5-11;Uvaccinerede;1;0;436542;0,23
2021-U32;12-15;Uvaccinerede;4;0;149953;2,67
2021-U32;12-15;1. stik;1;1;147065;0,68
2021-U32;12-15;2. stik;0;2;2007;0,00
2021-U32;16-19;Uvaccinerede;4;0;50023;8,00
2021-U32;16-19;1. stik;1;1;68990;1,45
2021-U32;16-19;2. stik;1;2;160587;0,62
2021-U32;20-39;Uvaccinerede;57;0;409909;13,91
2021-U32;20-39;1. stik;17;1;752661;2,26
2021-U32;20-39;2. stik;0;2;332917;0,00
2021-U32;20-39;3. stik;1;3;86;1162,79
2021-U32;40-64;Uvaccinerede;40;0;187807;21,30
2021-U32;40-64;1. stik;13;1;205959;6,31
2021-U32;40-64;2. stik;12;2;1513256;0,79
2021-U32;40-64;3. stik;0;3;203;0,00
2021-U32;65-79;Uvaccinerede;4;0;32203;12,42
2021-U32;65-79;1. stik;1;1;6627;15,09
2021-U32;65-79;2. stik;14;2;848493;1,65
2021-U32;65-79;3. stik;0;3;64;0,00
2021-U32;80+;Uvaccinerede;3;0;9688;30,97
2021-U32;80+;1. stik;0;1;1552;0,00
2021-U32;80+;2. stik;9;2;248370;3,62
2021-U32;80+;3. stik;0;3;30;0,00
2021-U33;5-11;Uvaccinerede;2;0;436541;0,46
2021-U33;12-15;Uvaccinerede;2;0;135693;1,47
2021-U33;12-15;1. stik;0;1;155264;0,00
2021-U33;12-15;2. stik;0;2;8067;0,00
2021-U33;16-19;Uvaccinerede;6;0;47634;12,60
2021-U33;16-19;1. stik;1;1;43339;2,31
2021-U33;16-19;2. stik;0;2;188625;0,00
2021-U33;20-39;Uvaccinerede;74;0;389619;18,99
2021-U33;20-39;1. stik;8;1;643470;1,24
2021-U33;20-39;2. stik;3;2;462365;0,65
2021-U33;20-39;3. stik;1;3;118;847,46
2021-U33;40-64;Uvaccinerede;55;0;182685;30,11
2021-U33;40-64;1. stik;8;1;127559;6,27
2021-U33;40-64;2. stik;19;2;1596753;1,19
2021-U33;40-64;3. stik;1;3;228;438,60
2021-U33;65-79;Uvaccinerede;6;0;31799;18,87
2021-U33;65-79;1. stik;2;1;5787;34,56
2021-U33;65-79;2. stik;26;2;849734;3,06
2021-U33;65-79;3. stik;0;3;67;0,00
2021-U33;80+;Uvaccinerede;3;0;9610;31,22
2021-U33;80+;1. stik;1;1;1451;68,92
2021-U33;80+;2. stik;12;2;248548;4,83
2021-U33;80+;3. stik;0;3;30;0,00
2021-U34;5-11;Uvaccinerede;3;0;436537;0,69
2021-U34;12-15;Uvaccinerede;4;0;124296;3,22
2021-U34;12-15;1. stik;1;1;146850;0,68
2021-U34;12-15;2. stik;1;2;27878;3,59
2021-U34;16-19;Uvaccinerede;6;0;45536;13,18
2021-U34;16-19;1. stik;0;1;29283;0,00
2021-U34;16-19;2. stik;1;2;204778;0,49
2021-U34;20-39;Uvaccinerede;60;0;373235;16,08
2021-U34;20-39;1. stik;4;1;435372;0,92
2021-U34;20-39;2. stik;5;2;686806;0,73
2021-U34;20-39;3. stik;0;3;160;0,00
2021-U34;40-64;Uvaccinerede;41;0;178061;23,03
2021-U34;40-64;1. stik;7;1;78013;8,97
2021-U34;40-64;2. stik;12;2;1650900;0,73
2021-U34;40-64;3. stik;0;3;251;0,00
2021-U34;65-79;Uvaccinerede;13;0;31350;41,47
2021-U34;65-79;1. stik;0;1;4795;0,00
2021-U34;65-79;2. stik;31;2;851170;3,64
2021-U34;65-79;3. stik;0;3;72;0,00
2021-U34;80+;Uvaccinerede;7;0;9512;73,59
2021-U34;80+;1. stik;0;1;1325;0,00
2021-U34;80+;2. stik;18;2;248772;7,24
2021-U34;80+;3. stik;0;3;31;0,00
2021-U35;12-15;Uvaccinerede;4;0;116254;3,44
2021-U35;12-15;1. stik;0;1;116474;0,00
2021-U35;12-15;2. stik;0;2;66296;0,00
2021-U35;16-19;Uvaccinerede;2;0;43871;4,56
2021-U35;16-19;1. stik;0;1;21117;0,00
2021-U35;16-19;2. stik;0;2;214607;0,00
2021-U35;20-39;Uvaccinerede;53;0;361594;14,66
2021-U35;20-39;1. stik;7;1;258834;2,70
2021-U35;20-39;2. stik;3;2;874938;0,34
2021-U35;20-39;3. stik;1;3;206;485,44
2021-U35;40-64;Uvaccinerede;49;0;174547;28,07
2021-U35;40-64;1. stik;6;1;50824;11,81
2021-U35;40-64;2. stik;13;2;1681579;0,77
2021-U35;40-64;3. stik;1;3;275;363,64
2021-U35;65-79;Uvaccinerede;12;0;30942;38,78
2021-U35;65-79;1. stik;3;1;3933;76,28
2021-U35;65-79;2. stik;13;2;852430;1,53
2021-U35;65-79;3. stik;0;3;83;0,00
2021-U35;80+;Uvaccinerede;10;0;9421;106,15
2021-U35;80+;1. stik;3;1;1196;250,84
2021-U35;80+;2. stik;17;2;248990;6,83
2021-U35;80+;3. stik;0;3;32;0,00
2021-U36;5-11;Uvaccinerede;1;0;436534;0,23
2021-U36;12-15;Uvaccinerede;1;0;111055;0,90
2021-U36;12-15;1. stik;0;1;84957;0,00
2021-U36;12-15;2. stik;0;2;103012;0,00
2021-U36;20-39;Uvaccinerede;39;0;354081;11,01
2021-U36;20-39;1. stik;5;1;160766;3,11
2021-U36;20-39;2. stik;3;2;980495;0,31
2021-U36;20-39;3. stik;0;3;231;0,00
2021-U36;40-64;Uvaccinerede;37;0;172040;21,51
2021-U36;40-64;1. stik;5;1;38493;12,99
2021-U36;40-64;2. stik;19;2;1696381;1,12
2021-U36;40-64;3. stik;0;3;311;0,00
2021-U36;65-79;Uvaccinerede;7;0;30665;22,83
2021-U36;65-79;1. stik;2;1;3435;58,22
2021-U36;65-79;2. stik;20;2;853194;2,34
2021-U36;65-79;3. stik;0;3;92;0,00
2021-U36;80+;Uvaccinerede;3;0;9362;32,04
2021-U36;80+;1. stik;1;1;1093;91,49
2021-U36;80+;2. stik;19;2;249152;7,63
2021-U36;80+;3. stik;1;3;32;3125,00
2021-U37;5-11;Uvaccinerede;2;0;436531;0,46
2021-U37;5-11;1. stik;0;1;21;0,00
2021-U37;16-19;Uvaccinerede;0;0;41947;0,00
2021-U37;16-19;1. stik;0;1;13261;0,00
2021-U37;16-19;2. stik;2;2;224383;0,89
2021-U37;20-39;Uvaccinerede;16;0;348292;4,59
2021-U37;20-39;1. stik;4;1;108304;3,69
2021-U37;20-39;2. stik;2;2;1038692;0,19
2021-U37;20-39;3. stik;0;3;285;0,00
2021-U37;40-64;Uvaccinerede;27;0;169983;15,88
2021-U37;40-64;1. stik;2;1;30545;6,55
2021-U37;40-64;2. stik;13;2;1706353;0,76
2021-U37;40-64;3. stik;0;3;344;0,00
2021-U37;65-79;Uvaccinerede;2;0;30410;6,58
2021-U37;65-79;1. stik;0;1;3072;0,00
2021-U37;65-79;2. stik;14;2;853806;1,64
2021-U37;65-79;3. stik;0;3;99;0,00
2021-U37;80+;Uvaccinerede;0;0;9294;0,00
2021-U37;80+;1. stik;0;1;1048;0,00
2021-U37;80+;2. stik;22;2;249263;8,83
2021-U37;80+;3. stik;1;3;34;2941,18
2021-U38;5-11;Uvaccinerede;2;0;436526;0,46
2021-U38;5-11;1. stik;0;1;25;0,00
2021-U38;12-15;Uvaccinerede;0;0;104436;0,00
2021-U38;12-15;1. stik;0;1;40235;0,00
2021-U38;12-15;2. stik;2;2;154353;1,30
2021-U38;16-19;Uvaccinerede;1;0;41383;2,42
2021-U38;16-19;1. stik;0;1;11109;0,00
2021-U38;16-19;2. stik;0;2;227097;0,00
2021-U38;20-39;Uvaccinerede;16;0;343652;4,66
2021-U38;20-39;1. stik;2;1;85548;2,34
2021-U38;20-39;2. stik;6;2;1066006;0,56
2021-U38;20-39;3. stik;0;3;365;0,00
2021-U38;40-64;Uvaccinerede;15;0;168424;8,91
2021-U38;40-64;1. stik;0;1;25949;0,00
2021-U38;40-64;2. stik;13;2;1711967;0,76
2021-U38;40-64;3. stik;1;3;884;113,12
2021-U38;65-79;Uvaccinerede;8;0;30182;26,51
2021-U38;65-79;1. stik;1;1;2866;34,89
2021-U38;65-79;2. stik;19;2;853486;2,23
2021-U38;65-79;3. stik;1;3;853;117,23
2021-U38;80+;Uvaccinerede;2;0;9209;21,72
2021-U38;80+;1. stik;1;1;1044;95,79
2021-U38;80+;2. stik;24;2;248948;9,64
2021-U38;80+;3. stik;0;3;439;0,00
2021-U39;5-11;Uvaccinerede;1;0;436525;0,23
2021-U39;5-11;1. stik;0;1;25;0,00
2021-U39;12-15;Uvaccinerede;1;0;102240;0,98
2021-U39;12-15;1. stik;0;1;29099;0,00
2021-U39;12-15;2. stik;1;2;167685;0,60
2021-U39;16-19;Uvaccinerede;1;0;40961;2,44
2021-U39;16-19;1. stik;1;1;9387;10,65
2021-U39;16-19;2. stik;1;2;229212;0,44
2021-U39;16-19;3. stik;0;3;44;0,00
2021-U39;20-39;Uvaccinerede;18;0;339963;5,29
2021-U39;20-39;1. stik;2;1;69828;2,86
2021-U39;20-39;2. stik;5;2;1084750;0,46
2021-U39;20-39;3. stik;1;3;1032;96,90
2021-U39;40-64;Uvaccinerede;21;0;167186;12,56
2021-U39;40-64;1. stik;0;1;22348;0,00
2021-U39;40-64;2. stik;12;2;1711268;0,70
2021-U39;40-64;3. stik;0;3;6422;0,00
2021-U39;65-79;Uvaccinerede;6;0;29985;20,01
2021-U39;65-79;1. stik;0;1;2632;0,00
2021-U39;65-79;2. stik;25;2;844210;2,96
2021-U39;65-79;3. stik;1;3;10560;9,47
2021-U39;80+;Uvaccinerede;1;0;9142;10,94
2021-U39;80+;1. stik;1;1;967;103,41
2021-U39;80+;2. stik;12;2;242084;4,96
2021-U39;80+;3. stik;0;3;7447;0,00
2021-U40;12-15;Uvaccinerede;2;0;100275;1,99
2021-U40;12-15;1. stik;0;1;21860;0,00
2021-U40;12-15;2. stik;0;2;176889;0,00
2021-U40;16-19;Uvaccinerede;2;0;40581;4,93
2021-U40;16-19;1. stik;0;1;8046;0,00
2021-U40;16-19;2. stik;2;2;230898;0,87
2021-U40;16-19;3. stik;0;3;80;0,00
2021-U40;20-39;Uvaccinerede;28;0;336954;8,31
2021-U40;20-39;1. stik;3;1;57973;5,17
2021-U40;20-39;2. stik;5;2;1098834;0,46
2021-U40;20-39;3. stik;0;3;1811;0,00
2021-U40;40-64;Uvaccinerede;23;0;166144;13,84
2021-U40;40-64;1. stik;1;1;19484;5,13
2021-U40;40-64;2. stik;12;2;1710236;0,70
2021-U40;40-64;3. stik;1;3;11360;8,80
2021-U40;65-79;Uvaccinerede;5;0;29850;16,75
2021-U40;65-79;1. stik;1;1;2337;42,79
2021-U40;65-79;2. stik;25;2;834815;2,99
2021-U40;65-79;3. stik;0;3;20385;0,00
2021-U40;80+;Uvaccinerede;1;0;9106;10,98
2021-U40;80+;1. stik;0;1;869;0,00
2021-U40;80+;2. stik;21;2;231353;9,08
2021-U40;80+;3. stik;2;3;18311;10,92
2021-U41;5-11;Uvaccinerede;1;0;436525;0,23
2021-U41;5-11;1. stik;0;1;21;0,00
2021-U41;16-19;Uvaccinerede;1;0;40256;2,48
2021-U41;16-19;1. stik;1;1;7153;13,98
2021-U41;16-19;2. stik;1;2;232068;0,43
2021-U41;16-19;3. stik;0;3;127;0,00
2021-U41;20-39;Uvaccinerede;25;0;333991;7,49
2021-U41;20-39;1. stik;2;1;50490;3,96
2021-U41;20-39;2. stik;7;2;1107997;0,63
2021-U41;20-39;3. stik;2;3;3095;64,62
2021-U41;40-64;Uvaccinerede;35;0;165123;21,20
2021-U41;40-64;1. stik;1;1;17579;5,69
2021-U41;40-64;2. stik;21;2;1709146;1,23
2021-U41;40-64;3. stik;5;3;15376;32,52
2021-U41;65-79;Uvaccinerede;7;0;29738;23,54
2021-U41;65-79;1. stik;1;1;2119;47,19
2021-U41;65-79;2. stik;35;2;828994;4,22
2021-U41;65-79;3. stik;3;3;26536;11,31
2021-U41;80+;Uvaccinerede;10;0;9086;110,06
2021-U41;80+;1. stik;1;1;787;127,06
2021-U41;80+;2. stik;24;2;224576;10,69
2021-U41;80+;3. stik;2;3;25190;7,94
2021-U42;5-11;Uvaccinerede;3;0;436524;0,69
2021-U42;12-15;Uvaccinerede;1;0;96679;1,03
2021-U42;12-15;1. stik;0;1;15321;0,00
2021-U42;12-15;2. stik;1;2;187023;0,53
2021-U42;16-19;Uvaccinerede;3;0;39966;7,51
2021-U42;16-19;1. stik;0;1;6541;0,00
2021-U42;16-19;2. stik;1;2;232903;0,43
2021-U42;16-19;3. stik;0;3;195;0,00
2021-U42;20-39;Uvaccinerede;37;0;330958;11,18
2021-U42;20-39;1. stik;3;1;46835;6,41
2021-U42;20-39;2. stik;7;2;1108989;0,63
2021-U42;20-39;3. stik;0;3;8790;0,00
2021-U42;40-64;Uvaccinerede;37;0;164148;22,54
2021-U42;40-64;1. stik;1;1;16469;6,07
2021-U42;40-64;2. stik;25;2;1706339;1,47
2021-U42;40-64;3. stik;2;3;20269;9,87
2021-U42;65-79;Uvaccinerede;7;0;29628;23,63
2021-U42;65-79;1. stik;0;1;2006;0,00
2021-U42;65-79;2. stik;56;2;826800;6,77
2021-U42;65-79;3. stik;6;3;28953;20,72
2021-U42;80+;Uvaccinerede;4;0;9066;44,12
2021-U42;80+;1. stik;2;1;759;263,50
2021-U42;80+;2. stik;61;2;213296;28,60
2021-U42;80+;3. stik;1;3;36519;2,74
2021-U43;5-11;Uvaccinerede;2;0;436522;0,46
2021-U43;12-15;Uvaccinerede;2;0;94300;2,12
2021-U43;12-15;1. stik;0;1;14536;0,00
2021-U43;12-15;2. stik;1;2;190187;0,53
2021-U43;16-19;Uvaccinerede;1;0;39610;2,52
2021-U43;16-19;1. stik;0;1;6215;0,00
2021-U43;16-19;2. stik;4;2;233447;1,71
2021-U43;16-19;3. stik;0;3;332;0,00
2021-U43;20-39;Uvaccinerede;46;0;327193;14,06
2021-U43;20-39;1. stik;1;1;44896;2,23
2021-U43;20-39;2. stik;19;2;1108098;1,71
2021-U43;20-39;3. stik;0;3;15386;0,00
2021-U43;40-64;Uvaccinerede;47;0;162856;28,86
2021-U43;40-64;1. stik;2;1;15899;12,58
2021-U43;40-64;2. stik;37;2;1699890;2,18
2021-U43;40-64;3. stik;7;3;28579;24,49
2021-U43;65-79;Uvaccinerede;14;0;29470;47,51
2021-U43;65-79;1. stik;0;1;1941;0,00
2021-U43;65-79;2. stik;79;2;825286;9,57
2021-U43;65-79;3. stik;8;3;30689;26,07
2021-U43;80+;Uvaccinerede;9;0;9037;99,59
2021-U43;80+;1. stik;1;1;739;135,32
2021-U43;80+;2. stik;49;2;196833;24,89
2021-U43;80+;3. stik;4;3;53030;7,54
2021-U44;5-11;Uvaccinerede;7;0;436521;1,60
2021-U44;12-15;Uvaccinerede;2;0;91038;2,20
2021-U44;12-15;1. stik;1;1;15407;6,49
2021-U44;12-15;2. stik;0;2;192574;0,00
2021-U44;16-19;Uvaccinerede;0;0;39119;0,00
2021-U44;16-19;1. stik;0;1;6236;0,00
2021-U44;16-19;2. stik;1;2;233650;0,43
2021-U44;16-19;3. stik;0;3;600;0,00
2021-U44;20-39;Uvaccinerede;69;0;322200;21,42
2021-U44;20-39;1. stik;5;1;45195;11,06
2021-U44;20-39;2. stik;14;2;1101721;1,27
2021-U44;20-39;3. stik;1;3;26457;3,78
2021-U44;40-64;Uvaccinerede;56;0;161144;34,75
2021-U44;40-64;1. stik;5;1;16166;30,93
2021-U44;40-64;2. stik;55;2;1674570;3,28
2021-U44;40-64;3. stik;6;3;55345;10,84
2021-U44;65-79;Uvaccinerede;20;0;29275;68,32
2021-U44;65-79;1. stik;1;1;1979;50,53
2021-U44;65-79;2. stik;87;2;811434;10,72
2021-U44;65-79;3. stik;8;3;44699;17,90
2021-U44;80+;Uvaccinerede;12;0;9000;133,33
2021-U44;80+;1. stik;1;1;731;136,80
2021-U44;80+;2. stik;63;2;180197;34,96
2021-U44;80+;3. stik;7;3;69712;10,04
2021-U45;5-11;Uvaccinerede;7;0;436517;1,60
2021-U45;5-11;1. stik;0;1;23;0,00
2021-U45;12-15;Uvaccinerede;3;0;86079;3,49
2021-U45;12-15;1. stik;1;1;17868;5,60
2021-U45;12-15;2. stik;1;2;195066;0,51
2021-U45;16-19;Uvaccinerede;2;0;38173;5,24
2021-U45;16-19;1. stik;0;1;6710;0,00
2021-U45;16-19;2. stik;4;2;233822;1,71
2021-U45;16-19;3. stik;0;3;900;0,00
2021-U45;20-39;Uvaccinerede;55;0;313096;17,57
2021-U45;20-39;1. stik;3;1;50026;6,00
2021-U45;20-39;2. stik;14;2;1093664;1,28
2021-U45;20-39;3. stik;2;3;38787;5,16
2021-U45;40-64;Uvaccinerede;52;0;157867;32,94
2021-U45;40-64;1. stik;9;1;18016;49,96
2021-U45;40-64;2. stik;56;2;1642691;3,41
2021-U45;40-64;3. stik;6;3;88651;6,77
2021-U45;65-79;Uvaccinerede;19;0;28945;65,64
2021-U45;65-79;1. stik;3;1;2152;139,41
2021-U45;65-79;2. stik;121;2;792161;15,27
2021-U45;65-79;3. stik;12;3;64129;18,71
2021-U45;80+;Uvaccinerede;8;0;8928;89,61
2021-U45;80+;1. stik;3;1;757;396,30
2021-U45;80+;2. stik;92;2;163551;56,25
2021-U45;80+;3. stik;5;3;86404;5,79
2021-U46;5-11;Uvaccinerede;16;0;436502;3,67
2021-U46;5-11;1. stik;1;1;38;2631,58
2021-U46;12-15;Uvaccinerede;2;0;79684;2,51
2021-U46;12-15;1. stik;0;1;22145;0,00
2021-U46;12-15;2. stik;2;2;197175;1,01
2021-U46;12-15;3. stik;0;3;23;0,00
2021-U46;16-19;Uvaccinerede;4;0;36486;10,96
2021-U46;16-19;1. stik;0;1;7917;0,00
2021-U46;16-19;2. stik;1;2;233954;0,43
2021-U46;16-19;3. stik;1;3;1248;80,13
2021-U46;20-39;Uvaccinerede;71;0;299355;23,72
2021-U46;20-39;1. stik;5;1;59667;8,38
2021-U46;20-39;2. stik;22;2;1086169;2,03
2021-U46;20-39;3. stik;3;3;50381;5,95
2021-U46;40-64;Uvaccinerede;76;0;152834;49,73
2021-U46;40-64;1. stik;4;1;21652;18,47
2021-U46;40-64;2. stik;69;2;1615605;4,27
2021-U46;40-64;3. stik;11;3;117134;9,39
2021-U46;65-79;Uvaccinerede;20;0;28506;70,16
2021-U46;65-79;1. stik;2;1;2441;81,93
2021-U46;65-79;2. stik;118;2;773832;15,25
2021-U46;65-79;3. stik;15;3;82608;18,16
2021-U46;80+;Uvaccinerede;15;0;8828;169,91
2021-U46;80+;1. stik;0;1;813;0,00
2021-U46;80+;2. stik;84;2;145656;57,67
2021-U46;80+;3. stik;12;3;104343;11,50
2021-U47;5-11;Uvaccinerede;11;0;436486;2,52
2021-U47;5-11;1. stik;0;1;54;0,00
2021-U47;12-15;Uvaccinerede;2;0;74962;2,67
2021-U47;12-15;1. stik;0;1;24931;0,00
2021-U47;12-15;2. stik;1;2;199090;0,50
2021-U47;12-15;3. stik;0;3;42;0,00
2021-U47;16-19;Uvaccinerede;1;0;35119;2,85
2021-U47;16-19;1. stik;0;1;8693;0,00
2021-U47;16-19;2. stik;5;2;234213;2,13
2021-U47;16-19;3. stik;1;3;1580;63,29
2021-U47;20-39;Uvaccinerede;73;0;289265;25,24
2021-U47;20-39;1. stik;9;1;64913;13,86
2021-U47;20-39;2. stik;34;2;1078937;3,15
2021-U47;20-39;3. stik;4;3;62458;6,40
2021-U47;40-64;Uvaccinerede;79;0;149347;52,90
2021-U47;40-64;1. stik;7;1;23572;29,70
2021-U47;40-64;2. stik;75;2;1591477;4,71
2021-U47;40-64;3. stik;12;3;142829;8,40
2021-U47;65-79;Uvaccinerede;29;0;28169;102,95
2021-U47;65-79;1. stik;2;1;2621;76,31
2021-U47;65-79;2. stik;115;2;754351;15,24
2021-U47;65-79;3. stik;11;3;102245;10,76
2021-U47;80+;Uvaccinerede;15;0;8744;171,55
2021-U47;80+;1. stik;1;1;853;117,23
2021-U47;80+;2. stik;70;2;121936;57,41
2021-U47;80+;3. stik;10;3;128107;7,81
2021-U48;5-11;Uvaccinerede;11;0;429558;2,56
2021-U48;5-11;1. stik;0;1;6980;0,00
2021-U48;5-11;2. stik;0;2;20;0,00
2021-U48;12-15;Uvaccinerede;5;0;70974;7,04
2021-U48;12-15;1. stik;1;1;26454;3,78
2021-U48;12-15;2. stik;2;2;201538;0,99
2021-U48;12-15;3. stik;0;3;60;0,00
2021-U48;16-19;Uvaccinerede;5;0;33482;14,93
2021-U48;16-19;1. stik;1;1;9643;10,37
2021-U48;16-19;2. stik;3;2;234554;1,28
2021-U48;16-19;3. stik;0;3;1926;0,00
2021-U48;20-39;Uvaccinerede;83;0;279629;29,68
2021-U48;20-39;1. stik;11;1;68859;15,97
2021-U48;20-39;2. stik;23;2;1073262;2,14
2021-U48;20-39;3. stik;6;3;73823;8,13
2021-U48;40-64;Uvaccinerede;76;0;146066;52,03
2021-U48;40-64;1. stik;6;1;24979;24,02
2021-U48;40-64;2. stik;88;2;1570741;5,60
2021-U48;40-64;3. stik;16;3;165440;9,67
2021-U48;65-79;Uvaccinerede;26;0;27841;93,39
2021-U48;65-79;1. stik;3;1;2782;107,84
2021-U48;65-79;2. stik;135;2;710234;19,01
2021-U48;65-79;3. stik;30;3;146530;20,47
2021-U48;80+;Uvaccinerede;12;0;8667;138,46
2021-U48;80+;1. stik;1;1;882;113,38
2021-U48;80+;2. stik;84;2;94770;88,64
2021-U48;80+;3. stik;19;3;155321;12,23
2021-U49;5-11;Uvaccinerede;23;0;392708;5,86
2021-U49;5-11;1. stik;1;1;43830;2,28
2021-U49;5-11;2. stik;0;2;21;0,00
2021-U49;12-15;Uvaccinerede;3;0;67110;4,47
2021-U49;12-15;1. stik;1;1;27343;3,66
2021-U49;12-15;2. stik;0;2;204499;0,00
2021-U49;12-15;3. stik;0;3;73;0,00
2021-U49;16-19;Uvaccinerede;2;0;31990;6,25
2021-U49;16-19;1. stik;0;1;10468;0,00
2021-U49;16-19;2. stik;3;2;234903;1,28
2021-U49;16-19;3. stik;1;3;2244;44,56
2021-U49;20-39;Uvaccinerede;88;0;270599;32,52
2021-U49;20-39;1. stik;8;1;72193;11,08
2021-U49;20-39;2. stik;49;2;1069336;4,58
2021-U49;20-39;3. stik;9;3;83445;10,79
2021-U49;40-64;Uvaccinerede;79;0;142892;55,29
2021-U49;40-64;1. stik;7;1;26210;26,71
2021-U49;40-64;2. stik;127;2;1552884;8,18
2021-U49;40-64;3. stik;17;3;185240;9,18
2021-U49;65-79;Uvaccinerede;25;0;27496;90,92
2021-U49;65-79;1. stik;2;1;2945;67,91
2021-U49;65-79;2. stik;120;2;594658;20,18
2021-U49;65-79;3. stik;25;3;262288;9,53
2021-U49;80+;Uvaccinerede;17;0;8572;198,32
2021-U49;80+;1. stik;2;1;927;215,75
2021-U49;80+;2. stik;66;2;71652;92,11
2021-U49;80+;3. stik;33;3;178489;18,49
2021-U50;5-11;Uvaccinerede;19;0;329829;5,76
2021-U50;5-11;1. stik;4;1;106704;3,75
2021-U50;5-11;2. stik;1;2;25;4000,00
2021-U50;12-15;Uvaccinerede;6;0;63012;9,52
2021-U50;12-15;1. stik;3;1;26976;11,12
2021-U50;12-15;2. stik;8;2;208947;3,83
2021-U50;12-15;3. stik;0;3;90;0,00
2021-U50;16-19;Uvaccinerede;5;0;30986;16,14
2021-U50;16-19;1. stik;0;1;10352;0,00
2021-U50;16-19;2. stik;14;2;235662;5,94
2021-U50;16-19;3. stik;0;3;2606;0,00
2021-U50;20-39;Uvaccinerede;100;0;263630;37,93
2021-U50;20-39;1. stik;15;1;70997;21,13
2021-U50;20-39;2. stik;73;2;1067403;6,84
2021-U50;20-39;3. stik;9;3;93543;9,62
2021-U50;40-64;Uvaccinerede;97;0;140252;69,16
2021-U50;40-64;1. stik;7;1;25792;27,14
2021-U50;40-64;2. stik;120;2;1535221;7,82
2021-U50;40-64;3. stik;21;3;205960;10,20
2021-U50;65-79;Uvaccinerede;28;0;27021;103,62
2021-U50;65-79;1. stik;1;1;3134;31,91
2021-U50;65-79;2. stik;108;2;453975;23,79
2021-U50;65-79;3. stik;45;3;403256;11,16
2021-U50;80+;Uvaccinerede;11;0;8411;130,78
2021-U50;80+;1. stik;5;1;1018;491,16
2021-U50;80+;2. stik;43;2;52620;81,72
2021-U50;80+;3. stik;45;3;197591;22,77
2021-U51;5-11;Uvaccinerede;10;0;276008;3,62
2021-U51;5-11;1. stik;2;1;160511;1,25
2021-U51;5-11;2. stik;1;2;39;2564,10
2021-U51;12-15;Uvaccinerede;3;0;59051;5,08
2021-U51;12-15;1. stik;0;1;25227;0,00
2021-U51;12-15;2. stik;3;2;214640;1,40
2021-U51;12-15;3. stik;0;3;107;0,00
2021-U51;16-19;Uvaccinerede;4;0;30022;13,32
2021-U51;16-19;1. stik;1;1;9753;10,25
2021-U51;16-19;2. stik;12;2;236710;5,07
2021-U51;16-19;3. stik;0;3;3119;0,00
2021-U51;20-39;Uvaccinerede;92;0;257271;35,76
2021-U51;20-39;1. stik;23;1;65709;35,00
2021-U51;20-39;2. stik;88;2;1066320;8,25
2021-U51;20-39;3. stik;11;3;106273;10,35
2021-U51;40-64;Uvaccinerede;114;0;137728;82,77
2021-U51;40-64;1. stik;6;1;23800;25,21
2021-U51;40-64;2. stik;140;2;1488097;9,41
2021-U51;40-64;3. stik;36;3;257599;13,98
2021-U51;65-79;Uvaccinerede;46;0;26472;173,77
2021-U51;65-79;1. stik;5;1;3248;153,94
2021-U51;65-79;2. stik;78;2;299899;26,01
2021-U51;65-79;3. stik;68;3;557768;12,19
2021-U51;80+;Uvaccinerede;23;0;8208;280,21
2021-U51;80+;1. stik;6;1;1127;532,39
2021-U51;80+;2. stik;46;2;36421;126,30
2021-U51;80+;3. stik;51;3;213884;23,84
2021-U52;5-11;Uvaccinerede;15;0;258674;5,80
2021-U52;5-11;1. stik;4;1;177745;2,25
2021-U52;5-11;2. stik;1;2;140;714,29
2021-U52;12-15;Uvaccinerede;6;0;57249;10,48
2021-U52;12-15;1. stik;1;1;21891;4,57
2021-U52;12-15;2. stik;6;2;219728;2,73
2021-U52;12-15;3. stik;0;3;157;0,00
2021-U52;16-19;Uvaccinerede;0;0;29490;0,00
2021-U52;16-19;1. stik;2;1;8845;22,61
2021-U52;16-19;2. stik;15;2;236754;6,34
2021-U52;16-19;3. stik;1;3;4515;22,15
2021-U52;20-39;Uvaccinerede;127;0;253840;50,03
2021-U52;20-39;1. stik;28;1;57410;48,77
2021-U52;20-39;2. stik;138;2;1057928;13,04
2021-U52;20-39;3. stik;22;3;126395;17,41
2021-U52;40-64;Uvaccinerede;96;0;136495;70,33
2021-U52;40-64;1. stik;11;1;20979;52,43
2021-U52;40-64;2. stik;169;2;1102332;15,33
2021-U52;40-64;3. stik;64;3;647419;9,89
2021-U52;65-79;Uvaccinerede;43;0;26225;163,97
2021-U52;65-79;1. stik;6;1;3071;195,38
2021-U52;65-79;2. stik;57;2;149423;38,15
2021-U52;65-79;3. stik;111;3;708667;15,66
2021-U52;80+;Uvaccinerede;12;0;8117;147,84
2021-U52;80+;1. stik;3;1;1094;274,22
2021-U52;80+;2. stik;47;2;23076;203,67
2021-U52;80+;3. stik;108;3;227353;47,50
2022-U01;5-11;Uvaccinerede;22;0;245866;8,95
2022-U01;5-11;1. stik;5;1;186369;2,68
2022-U01;5-11;2. stik;0;2;4322;0,00
2022-U01;12-15;Uvaccinerede;5;0;55677;8,98
2022-U01;12-15;1. stik;5;1;19195;26,05
2022-U01;12-15;2. stik;13;2;223858;5,81
2022-U01;12-15;3. stik;0;3;295;0,00
2022-U01;16-19;Uvaccinerede;7;0;29106;24,05
2022-U01;16-19;1. stik;1;1;7615;13,13
2022-U01;16-19;2. stik;30;2;225900;13,28
2022-U01;16-19;3. stik;2;3;16984;11,78
2022-U01;20-39;Uvaccinerede;126;0;251166;50,17
2022-U01;20-39;1. stik;20;1;49939;40,05
2022-U01;20-39;2. stik;156;2;1021164;15,28
2022-U01;20-39;3. stik;32;3;173304;18,46
2022-U01;40-64;Uvaccinerede;76;0;135568;56,06
2022-U01;40-64;1. stik;11;1;18356;59,93
2022-U01;40-64;2. stik;146;2;586857;24,88
2022-U01;40-64;3. stik;102;3;1166444;8,74
2022-U01;65-79;Uvaccinerede;44;0;26041;168,96
2022-U01;65-79;1. stik;5;1;2867;174,40
2022-U01;65-79;2. stik;59;2;64489;91,49
2022-U01;65-79;3. stik;130;3;793989;16,37
2022-U01;80+;Uvaccinerede;27;0;8035;336,03
2022-U01;80+;1. stik;7;1;1054;664,14
2022-U01;80+;2. stik;26;2;13844;187,81
2022-U01;80+;3. stik;116;3;236706;49,01
2022-U02;5-11;Uvaccinerede;34;0;236452;14,38
2022-U02;5-11;1. stik;18;1;172793;10,42
2022-U02;5-11;2. stik;0;2;27312;0,00
2022-U02;12-15;Uvaccinerede;13;0;54424;23,89
2022-U02;12-15;1. stik;3;1;17262;17,38
2022-U02;12-15;2. stik;14;2;226904;6,17
2022-U02;12-15;3. stik;0;3;436;0,00
2022-U02;16-19;Uvaccinerede;11;0;28713;38,31
2022-U02;16-19;1. stik;3;1;6758;44,39
2022-U02;16-19;2. stik;29;2;189371;15,31
2022-U02;16-19;3. stik;6;3;54762;10,96
2022-U02;20-39;Uvaccinerede;144;0;248366;57,98
2022-U02;20-39;1. stik;20;1;45522;43,93
2022-U02;20-39;2. stik;187;2;891017;20,99
2022-U02;20-39;3. stik;46;3;310668;14,81
2022-U02;40-64;Uvaccinerede;77;0;134624;57,20
2022-U02;40-64;1. stik;12;1;16744;71,67
2022-U02;40-64;2. stik;123;2;416926;29,50
2022-U02;40-64;3. stik;138;3;1338932;10,31
2022-U02;65-79;Uvaccinerede;31;0;25841;119,96
2022-U02;65-79;1. stik;5;1;2795;178,89
2022-U02;65-79;2. stik;39;2;46025;84,74
2022-U02;65-79;3. stik;144;3;812725;17,72
2022-U02;80+;Uvaccinerede;22;0;7950;276,73
2022-U02;80+;1. stik;2;1;1062;188,32
2022-U02;80+;2. stik;28;2;11201;249,98
2022-U02;80+;3. stik;133;3;239426;55,55
2022-U03;5-11;Uvaccinerede;60;0;231577;25,91
2022-U03;5-11;1. stik;14;1;131252;10,67
2022-U03;5-11;2. stik;3;2;73726;4,07
2022-U03;12-15;Uvaccinerede;21;0;53679;39,12
2022-U03;12-15;1. stik;0;1;14321;0,00
2022-U03;12-15;2. stik;27;2;230350;11,72
2022-U03;12-15;3. stik;0;3;676;0,00
2022-U03;16-19;Uvaccinerede;16;0;28421;56,30
2022-U03;16-19;1. stik;0;1;5977;0,00
2022-U03;16-19;2. stik;41;2;167803;24,43
2022-U03;16-19;3. stik;8;3;77404;10,34
2022-U03;20-39;Uvaccinerede;159;0;246439;64,52
2022-U03;20-39;1. stik;30;1;40140;74,74
2022-U03;20-39;2. stik;233;2;753473;30,92
2022-U03;20-39;3. stik;75;3;455521;16,46
2022-U03;40-64;Uvaccinerede;68;0;133944;50,77
2022-U03;40-64;1. stik;13;1;14969;86,85
2022-U03;40-64;2. stik;112;2;318627;35,15
2022-U03;40-64;3. stik;184;3;1439685;12,78
2022-U03;65-79;Uvaccinerede;21;0;25687;81,75
2022-U03;65-79;1. stik;5;1;2583;193,57
2022-U03;65-79;2. stik;35;2;36361;96,26
2022-U03;65-79;3. stik;196;3;822756;23,82
2022-U03;80+;Uvaccinerede;20;0;7889;253,52
2022-U03;80+;1. stik;1;1;1021;97,94
2022-U03;80+;2. stik;20;2;9654;207,17
2022-U03;80+;3. stik;168;3;241075;69,69
2022-U04;5-11;Uvaccinerede;64;0;229516;27,88
2022-U04;5-11;1. stik;13;1;87012;14,94
2022-U04;5-11;2. stik;9;2;120027;7,50
2022-U04;12-15;Uvaccinerede;14;0;53276;26,28
2022-U04;12-15;1. stik;3;1;11173;26,85
2022-U04;12-15;2. stik;46;2;233700;19,68
2022-U04;12-15;3. stik;0;3;876;0,00
2022-U04;16-19;Uvaccinerede;16;0;28226;56,69
2022-U04;16-19;1. stik;2;1;5172;38,67
2022-U04;16-19;2. stik;36;2;152414;23,62
2022-U04;16-19;3. stik;7;3;93793;7,46
2022-U04;20-39;Uvaccinerede;171;0;245050;69,78
2022-U04;20-39;1. stik;20;1;34798;57,47
2022-U04;20-39;2. stik;244;2;622876;39,17
2022-U04;20-39;3. stik;118;3;592849;19,90
2022-U04;40-64;Uvaccinerede;91;0;133484;68,17
2022-U04;40-64;1. stik;15;1;13066;114,80
2022-U04;40-64;2. stik;124;2;254296;48,76
2022-U04;40-64;3. stik;293;3;1506379;19,45
2022-U04;65-79;Uvaccinerede;27;0;25591;105,51
2022-U04;65-79;1. stik;1;1;2232;44,80
2022-U04;65-79;2. stik;38;2;29586;128,44
2022-U04;65-79;3. stik;241;3;829977;29,04
2022-U04;80+;Uvaccinerede;19;0;7847;242,13
2022-U04;80+;1. stik;1;1;903;110,74
2022-U04;80+;2. stik;33;2;8360;394,74
2022-U04;80+;3. stik;224;3;242530;92,36
2022-U05;5-11;Uvaccinerede;56;0;228668;24,49
2022-U05;5-11;1. stik;15;1;66218;22,65
2022-U05;5-11;2. stik;14;2;141668;9,88
2022-U05;12-15;Uvaccinerede;21;0;53084;39,56
2022-U05;12-15;1. stik;2;1;9369;21,35
2022-U05;12-15;2. stik;37;2;235580;15,71
2022-U05;12-15;3. stik;4;3;994;402,41
2022-U05;16-19;Uvaccinerede;13;0;28124;46,22
2022-U05;16-19;1. stik;1;1;4651;21,50
2022-U05;16-19;2. stik;46;2;139351;33,01
2022-U05;16-19;3. stik;13;3;107479;12,10
2022-U05;20-39;Uvaccinerede;180;0;244310;73,68
2022-U05;20-39;1. stik;26;1;31092;83,62
2022-U05;20-39;2. stik;215;2;511110;42,07
2022-U05;20-39;3. stik;154;3;709060;21,72
2022-U05;40-64;Uvaccinerede;93;0;133242;69,80
2022-U05;40-64;1. stik;11;1;11868;92,69
2022-U05;40-64;2. stik;114;2;212604;53,62
2022-U05;40-64;3. stik;368;3;1549511;23,75
2022-U05;65-79;Uvaccinerede;46;0;25521;180,24
2022-U05;65-79;1. stik;4;1;1992;200,80
2022-U05;65-79;2. stik;35;2;25454;137,50
2022-U05;65-79;3. stik;384;3;834419;46,02
2022-U05;80+;Uvaccinerede;29;0;7827;370,51
2022-U05;80+;1. stik;3;1;809;370,83
2022-U05;80+;2. stik;28;2;7546;371,06
2022-U05;80+;3. stik;317;3;243457;130,21
2022-U06;5-11;Uvaccinerede;45;0;228397;19,70
2022-U06;5-11;1. stik;9;1;54297;16,58
2022-U06;5-11;2. stik;16;2;153948;10,39
2022-U06;12-15;Uvaccinerede;12;0;53017;22,63
2022-U06;12-15;1. stik;1;1;8069;12,39
2022-U06;12-15;2. stik;50;2;236922;21,10
2022-U06;12-15;3. stik;0;3;1058;0,00
2022-U06;16-19;Uvaccinerede;11;0;28071;39,19
2022-U06;16-19;1. stik;1;1;4270;23,42
2022-U06;16-19;2. stik;25;2;133182;18,77
2022-U06;16-19;3. stik;11;3;114093;9,64
2022-U06;20-39;Uvaccinerede;174;0;243986;71,32
2022-U06;20-39;1. stik;22;1;28508;77,17
2022-U06;20-39;2. stik;232;2;451774;51,35
2022-U06;20-39;3. stik;202;3;771479;26,18
2022-U06;40-64;Uvaccinerede;96;0;133131;72,11
2022-U06;40-64;1. stik;11;1;10948;100,47
2022-U06;40-64;2. stik;94;2;191611;49,06
2022-U06;40-64;3. stik;454;3;1571564;28,89
2022-U06;65-79;Uvaccinerede;40;0;25477;157,00
2022-U06;65-79;1. stik;5;1;1822;274,42
2022-U06;65-79;2. stik;52;2;23384;222,37
2022-U06;65-79;3. stik;482;3;836669;57,61
2022-U06;80+;Uvaccinerede;35;0;7804;448,49
2022-U06;80+;1. stik;4;1;745;536,91
2022-U06;80+;2. stik;37;2;7085;522,23
2022-U06;80+;3. stik;409;3;243934;167,67
2022-U07;5-11;Uvaccinerede;25;0;228837;10,92
2022-U07;5-11;1. stik;0;1;47363;0,00
2022-U07;5-11;2. stik;13;2;161102;8,07
2022-U07;12-15;Uvaccinerede;2;0;53230;3,76
2022-U07;12-15;1. stik;1;1;7265;13,76
2022-U07;12-15;2. stik;21;2;237737;8,83
2022-U07;12-15;3. stik;1;3;1123;89,05
2022-U07;16-19;Uvaccinerede;9;0;28072;32,06
2022-U07;16-19;1. stik;3;1;4035;74,35
2022-U07;16-19;2. stik;20;2;129990;15,39
2022-U07;16-19;3. stik;10;3;117580;8,50
2022-U07;20-39;Uvaccinerede;134;0;244315;54,85
2022-U07;20-39;1. stik;22;1;26895;81,80
2022-U07;20-39;2. stik;201;2;426973;47,08
2022-U07;20-39;3. stik;210;3;798191;26,31
2022-U07;40-64;Uvaccinerede;88;0;133216;66,06
2022-U07;40-64;1. stik;7;1;10349;67,64
2022-U07;40-64;2. stik;71;2;181425;39,13
2022-U07;40-64;3. stik;445;3;1582347;28,12
2022-U07;65-79;Uvaccinerede;49;0;25478;192,32
2022-U07;65-79;1. stik;5;1;1688;296,21
2022-U07;65-79;2. stik;39;2;22206;175,63
2022-U07;65-79;3. stik;596;3;837656;71,15
2022-U07;80+;Uvaccinerede;42;0;7772;540,40
2022-U07;80+;1. stik;3;1;681;440,53
2022-U07;80+;2. stik;41;2;6803;602,68
2022-U07;80+;3. stik;478;3;243799;196,06
2022-U08;5-11;Uvaccinerede;8;0;229408;3,49
2022-U08;5-11;1. stik;2;1;43917;4,55
2022-U08;5-11;2. stik;10;2;164714;6,07
2022-U08;12-15;Uvaccinerede;5;0;53491;9,35
2022-U08;12-15;1. stik;2;1;6819;29,33
2022-U08;12-15;2. stik;22;2;238197;9,24
2022-U08;12-15;3. stik;1;3;1171;85,40
2022-U08;16-19;Uvaccinerede;7;0;28093;24,92
2022-U08;16-19;1. stik;0;1;3874;0,00
2022-U08;16-19;2. stik;11;2;127986;8,59
2022-U08;16-19;3. stik;12;3;119802;10,02
2022-U08;20-39;Uvaccinerede;104;0;245241;42,41
2022-U08;20-39;1. stik;14;1;25803;54,26
2022-U08;20-39;2. stik;164;2;414004;39,61
2022-U08;20-39;3. stik;159;3;812446;19,57
2022-U08;40-64;Uvaccinerede;54;0;133357;40,49
2022-U08;40-64;1. stik;10;1;9909;100,92
2022-U08;40-64;2. stik;66;2;175697;37,56
2022-U08;40-64;3. stik;430;3;1588443;27,07
2022-U08;65-79;Uvaccinerede;51;0;25460;200,31
2022-U08;65-79;1. stik;5;1;1571;318,27
2022-U08;65-79;2. stik;39;2;21458;181,75
2022-U08;65-79;3. stik;627;3;838129;74,81
2022-U08;80+;Uvaccinerede;50;0;7750;645,16
2022-U08;80+;1. stik;2;1;624;320,51
2022-U08;80+;2. stik;37;2;6574;562,82
2022-U08;80+;3. stik;482;3;243451;197,99
2022-U09;5-11;Uvaccinerede;9;0;229960;3,91
2022-U09;5-11;1. stik;2;1;41886;4,77
2022-U09;5-11;2. stik;8;2;166862;4,79
2022-U09;12-15;Uvaccinerede;2;0;53714;3,72
2022-U09;12-15;1. stik;0;1;6555;0,00
2022-U09;12-15;2. stik;11;2;238500;4,61
2022-U09;12-15;3. stik;0;3;1196;0,00
2022-U09;16-19;Uvaccinerede;3;0;28130;10,66
2022-U09;16-19;1. stik;1;1;3781;26,45
2022-U09;16-19;2. stik;14;2;127121;11,01
2022-U09;16-19;3. stik;9;3;120802;7,45
2022-U09;20-39;Uvaccinerede;70;0;245959;28,46
2022-U09;20-39;1. stik;7;1;25191;27,79
2022-U09;20-39;2. stik;88;2;431392;20,40
2022-U09;20-39;3. stik;130;3;795826;16,34
2022-U09;40-64;Uvaccinerede;46;0;133480;34,46
2022-U09;40-64;1. stik;6;1;9651;62,17
2022-U09;40-64;2. stik;56;2;175405;31,93
2022-U09;40-64;3. stik;336;3;1588899;21,15
2022-U09;65-79;Uvaccinerede;40;0;25436;157,26
2022-U09;65-79;1. stik;4;1;1506;265,60
2022-U09;65-79;2. stik;37;2;20977;176,38
2022-U09;65-79;3. stik;570;3;838296;68,00
2022-U09;80+;Uvaccinerede;25;0;7717;323,96
2022-U09;80+;1. stik;3;1;596;503,36
2022-U09;80+;2. stik;24;2;6422;373,72
2022-U09;80+;3. stik;451;3;243046;185,56
2022-U10;5-11;Uvaccinerede;4;0;230523;1,74
2022-U10;5-11;1. stik;1;1;40610;2,46
2022-U10;5-11;2. stik;10;2;168265;5,94
2022-U10;12-15;Uvaccinerede;4;0;53989;7,41
2022-U10;12-15;1. stik;0;1;6372;0,00
2022-U10;12-15;2. stik;13;2;238726;5,45
2022-U10;12-15;3. stik;0;3;1207;0,00
2022-U10;16-19;Uvaccinerede;2;0;28121;7,11
2022-U10;16-19;1. stik;0;1;3709;0,00
2022-U10;16-19;2. stik;8;2;126501;6,32
2022-U10;16-19;3. stik;7;3;121527;5,76
2022-U10;20-39;Uvaccinerede;41;0;246467;16,64
2022-U10;20-39;1. stik;7;1;24751;28,28
2022-U10;20-39;2. stik;69;2;435358;15,85
2022-U10;20-39;3. stik;85;3;792398;10,73
2022-U10;40-64;Uvaccinerede;51;0;133629;38,17
2022-U10;40-64;1. stik;2;1;9487;21,08
2022-U10;40-64;2. stik;34;2;174226;19,51
2022-U10;40-64;3. stik;284;3;1590153;17,86
2022-U10;65-79;Uvaccinerede;36;0;25454;141,43
2022-U10;65-79;1. stik;3;1;1452;206,61
2022-U10;65-79;2. stik;23;2;20628;111,50
2022-U10;65-79;3. stik;488;3;838336;58,21
2022-U10;80+;Uvaccinerede;30;0;7685;390,37
2022-U10;80+;1. stik;1;1;566;176,68
2022-U10;80+;2. stik;18;2;6297;285,85
2022-U10;80+;3. stik;427;3;242625;175,99
2022-U11;5-11;Uvaccinerede;7;0;231188;3,03
2022-U11;5-11;1. stik;0;1;39596;0,00
2022-U11;5-11;2. stik;0;2;169367;0,00
2022-U11;12-15;Uvaccinerede;2;0;54216;3,69
2022-U11;12-15;1. stik;0;1;6211;0,00
2022-U11;12-15;2. stik;8;2;238930;3,35
2022-U11;12-15;3. stik;0;3;1216;0,00
2022-U11;16-19;Uvaccinerede;1;0;28167;3,55
2022-U11;16-19;1. stik;0;1;3710;0,00
2022-U11;16-19;2. stik;9;2;125752;7,16
2022-U11;16-19;3. stik;6;3;122307;4,91
2022-U11;20-39;Uvaccinerede;32;0;247015;12,95
2022-U11;20-39;1. stik;6;1;28242;21,24
2022-U11;20-39;2. stik;43;2;426110;10,09
2022-U11;20-39;3. stik;77;3;798240;9,65
2022-U11;40-64;Uvaccinerede;33;0;133819;24,66
2022-U11;40-64;1. stik;7;1;9860;70,99
2022-U11;40-64;2. stik;29;2;171699;16,89
2022-U11;40-64;3. stik;260;3;1592234;16,33
2022-U11;65-79;Uvaccinerede;34;0;25470;133,49
2022-U11;65-79;1. stik;4;1;1437;278,36
2022-U11;65-79;2. stik;16;2;20322;78,73
2022-U11;65-79;3. stik;379;3;838282;45,21
2022-U11;80+;Uvaccinerede;28;0;7672;364,96
2022-U11;80+;1. stik;1;1;539;185,53
2022-U11;80+;2. stik;22;2;6206;354,50
2022-U11;80+;3. stik;382;3;242171;157,74
2022-U12;5-11;Uvaccinerede;3;0;231852;1,29
2022-U12;5-11;1. stik;0;1;39003;0,00
2022-U12;5-11;2. stik;1;2;170040;0,59
2022-U12;12-15;Uvaccinerede;0;0;54429;0,00
2022-U12;12-15;1. stik;0;1;6106;0,00
2022-U12;12-15;2. stik;7;2;239066;2,93
2022-U12;12-15;3. stik;1;3;1221;81,90
2022-U12;16-19;Uvaccinerede;2;0;28241;7,08
2022-U12;16-19;1. stik;0;1;3671;0,00
2022-U12;16-19;2. stik;0;2;125010;0,00
2022-U12;16-19;3. stik;3;3;123114;2,44
2022-U12;20-39;Uvaccinerede;23;0;247388;9,30
2022-U12;20-39;1. stik;1;1;28585;3,50
2022-U12;20-39;2. stik;31;2;421033;7,36
2022-U12;20-39;3. stik;51;3;803135;6,35
2022-U12;40-64;Uvaccinerede;32;0;134021;23,88
2022-U12;40-64;1. stik;5;1;9845;50,79
2022-U12;40-64;2. stik;23;2;170115;13,52
2022-U12;40-64;3. stik;184;3;1593758;11,55
2022-U12;65-79;Uvaccinerede;22;0;25486;86,32
2022-U12;65-79;1. stik;4;1;1428;280,11
2022-U12;65-79;2. stik;18;2;20088;89,61
2022-U12;65-79;3. stik;341;3;838126;40,69
2022-U12;80+;Uvaccinerede;21;0;7661;274,12
2022-U12;80+;1. stik;1;1;527;189,75
2022-U12;80+;2. stik;14;2;6140;228,01
2022-U12;80+;3. stik;300;3;241675;124,13
2022-U13;5-11;Uvaccinerede;1;0;232549;0,43
2022-U13;5-11;1. stik;1;1;38607;2,59
2022-U13;5-11;2. stik;0;2;170522;0,00
2022-U13;12-15;Uvaccinerede;0;0;54672;0,00
2022-U13;12-15;1. stik;0;1;6051;0,00
2022-U13;12-15;2. stik;2;2;239166;0,84
2022-U13;12-15;3. stik;0;3;1228;0,00
2022-U13;16-19;Uvaccinerede;1;0;28299;3,53
2022-U13;16-19;1. stik;0;1;3613;0,00
2022-U13;16-19;2. stik;2;2;124477;1,61
2022-U13;16-19;3. stik;1;3;123731;0,81
2022-U13;20-39;Uvaccinerede;15;0;247789;6,05
2022-U13;20-39;1. stik;1;1;28372;3,52
2022-U13;20-39;2. stik;24;2;417031;5,75
2022-U13;20-39;3. stik;43;3;807446;5,33
2022-U13;40-64;Uvaccinerede;28;0;134297;20,85
2022-U13;40-64;1. stik;1;1;9756;10,25
2022-U13;40-64;2. stik;32;2;168878;18,95
2022-U13;40-64;3. stik;139;3;1594982;8,71
2022-U13;65-79;Uvaccinerede;17;0;25523;66,61
2022-U13;65-79;1. stik;1;1;1409;70,97
2022-U13;65-79;2. stik;24;2;19894;120,64
2022-U13;65-79;3. stik;308;3;837951;36,76
2022-U13;80+;Uvaccinerede;22;0;7656;287,36
2022-U13;80+;1. stik;2;1;517;386,85
2022-U13;80+;2. stik;11;2;6073;181,13
2022-U13;80+;3. stik;251;3;241206;104,06
2022-U14;5-11;Uvaccinerede;1;0;233335;0,43
2022-U14;5-11;1. stik;0;1;38316;0,00
2022-U14;5-11;2. stik;0;2;170893;0,00
2022-U14;12-15;Uvaccinerede;0;0;54974;0,00
2022-U14;12-15;1. stik;0;1;5983;0,00
2022-U14;12-15;2. stik;1;2;239276;0,42
2022-U14;12-15;3. stik;0;3;1235;0,00
2022-U14;16-19;Uvaccinerede;2;0;28319;7,06
2022-U14;16-19;1. stik;0;1;3581;0,00
2022-U14;16-19;2. stik;2;2;123989;1,61
2022-U14;16-19;3. stik;1;3;124276;0,80
2022-U14;20-39;Uvaccinerede;19;0;248369;7,65
2022-U14;20-39;1. stik;1;1;28161;3,55
2022-U14;20-39;2. stik;25;2;413624;6,04
2022-U14;20-39;3. stik;35;3;811087;4,32
2022-U14;40-64;Uvaccinerede;19;0;134690;14,11
2022-U14;40-64;1. stik;2;1;9688;20,64
2022-U14;40-64;2. stik;24;2;167802;14,30
2022-U14;40-64;3. stik;124;3;1595998;7,77
2022-U14;65-79;Uvaccinerede;17;0;25577;66,47
2022-U14;65-79;1. stik;1;1;1393;71,79
2022-U14;65-79;2. stik;13;2;19737;65,87
2022-U14;65-79;3. stik;267;3;837671;31,87
2022-U14;80+;Uvaccinerede;14;0;7646;183,10
2022-U14;80+;1. stik;2;1;503;397,61
2022-U14;80+;2. stik;11;2;6022;182,66
2022-U14;80+;3. stik;227;3;240671;94,32
2022-U15;5-11;Uvaccinerede;1;0;233956;0,43
2022-U15;5-11;1. stik;1;1;38075;2,63
2022-U15;5-11;2. stik;0;2;171214;0,00
2022-U15;16-19;Uvaccinerede;0;0;28348;0,00
2022-U15;16-19;1. stik;0;1;3558;0,00
2022-U15;16-19;2. stik;1;2;123596;0,81
2022-U15;16-19;3. stik;0;3;124714;0,00
2022-U15;20-39;Uvaccinerede;11;0;248857;4,42
2022-U15;20-39;1. stik;1;1;27982;3,57
2022-U15;20-39;2. stik;20;2;410620;4,87
2022-U15;20-39;3. stik;27;3;814374;3,32
2022-U15;40-64;Uvaccinerede;12;0;135023;8,89
2022-U15;40-64;1. stik;1;1;9634;10,38
2022-U15;40-64;2. stik;10;2;166916;5,99
2022-U15;40-64;3. stik;92;3;1596887;5,76
2022-U15;65-79;Uvaccinerede;17;0;25633;66,32
2022-U15;65-79;1. stik;0;1;1377;0,00
2022-U15;65-79;2. stik;13;2;19610;66,29
2022-U15;65-79;3. stik;218;3;837465;26,03
2022-U15;80+;Uvaccinerede;15;0;7633;196,52
2022-U15;80+;1. stik;1;1;492;203,25
2022-U15;80+;2. stik;7;2;5980;117,06
2022-U15;80+;3. stik;214;3;240269;89,07
2022-U16;5-11;Uvaccinerede;2;0;234924;0,85
2022-U16;5-11;1. stik;0;1;37926;0,00
2022-U16;5-11;2. stik;1;2;171430;0,58
2022-U16;16-19;Uvaccinerede;0;0;28420;0,00
2022-U16;16-19;1. stik;0;1;3540;0,00
2022-U16;16-19;2. stik;3;2;123214;2,43
2022-U16;16-19;3. stik;1;3;125121;0,80
2022-U16;20-39;Uvaccinerede;12;0;249275;4,81
2022-U16;20-39;1. stik;2;1;27864;7,18
2022-U16;20-39;2. stik;12;2;407958;2,94
2022-U16;20-39;3. stik;26;3;817204;3,18
2022-U16;40-64;Uvaccinerede;8;0;135455;5,91
2022-U16;40-64;1. stik;2;1;9590;20,86
2022-U16;40-64;2. stik;10;2;166078;6,02
2022-U16;40-64;3. stik;84;3;1597644;5,26
2022-U16;65-79;Uvaccinerede;10;0;25699;38,91
2022-U16;65-79;1. stik;2;1;1369;146,09
2022-U16;65-79;2. stik;9;2;19489;46,18
2022-U16;65-79;3. stik;145;3;837207;17,32
2022-U16;80+;Uvaccinerede;11;0;7641;143,96
2022-U16;80+;1. stik;1;1;485;206,19
2022-U16;80+;2. stik;4;2;5931;67,44
2022-U16;80+;3. stik;173;3;239761;72,16
2022-U17;16-19;Uvaccinerede;0;0;28502;0,00
2022-U17;16-19;1. stik;0;1;3527;0,00
2022-U17;16-19;2. stik;1;2;122899;0,81
2022-U17;16-19;3. stik;0;3;125468;0,00
2022-U17;20-39;Uvaccinerede;4;0;250094;1,60
2022-U17;20-39;1. stik;0;1;27773;0,00
2022-U17;20-39;2. stik;12;2;405729;2,96
2022-U17;20-39;3. stik;16;3;819576;1,95
2022-U17;40-64;Uvaccinerede;12;0;136107;8,82
2022-U17;40-64;1. stik;1;1;9565;10,45
2022-U17;40-64;2. stik;3;2;165328;1,81
2022-U17;40-64;3. stik;68;3;1598274;4,25
2022-U17;65-79;Uvaccinerede;6;0;25802;23,25
2022-U17;65-79;1. stik;0;1;1364;0,00
2022-U17;65-79;2. stik;6;2;19367;30,98
2022-U17;65-79;3. stik;147;3;836905;17,56
2022-U17;80+;Uvaccinerede;8;0;7633;104,81
2022-U17;80+;1. stik;0;1;480;0,00
2022-U17;80+;2. stik;6;2;5883;101,99
2022-U17;80+;3. stik;131;3;239210;54,76
2022-U18;5-11;Uvaccinerede;1;0;237001;0,42
2022-U18;5-11;1. stik;0;1;37768;0,00
2022-U18;5-11;2. stik;0;2;171765;0,00
2022-U18;12-15;Uvaccinerede;0;0;56564;0,00
2022-U18;12-15;1. stik;1;1;5922;16,89
2022-U18;12-15;2. stik;1;2;239549;0,42
2022-U18;12-15;3. stik;0;3;1245;0,00
2022-U18;20-39;Uvaccinerede;6;0;251056;2,39
2022-U18;20-39;1. stik;1;1;27729;3,61
2022-U18;20-39;2. stik;7;2;404212;1,73
2022-U18;20-39;3. stik;10;3;821099;1,22
2022-U18;40-64;Uvaccinerede;7;0;136864;5,11
2022-U18;40-64;1. stik;1;1;9558;10,46
2022-U18;40-64;2. stik;12;2;164811;7,28
2022-U18;40-64;3. stik;57;3;1598664;3,57
2022-U18;65-79;Uvaccinerede;8;0;25929;30,85
2022-U18;65-79;1. stik;0;1;1358;0,00
2022-U18;65-79;2. stik;5;2;19294;25,91
2022-U18;65-79;3. stik;133;3;836602;15,90
2022-U18;80+;Uvaccinerede;4;0;7634;52,40
2022-U18;80+;1. stik;0;1;476;0,00
2022-U18;80+;2. stik;4;2;5834;68,56
2022-U18;80+;3. stik;83;3;238726;34,77
2022-U19;5-11;Uvaccinerede;0;0;238156;0,00
2022-U19;5-11;1. stik;0;1;37661;0,00
2022-U19;5-11;2. stik;1;2;171988;0,58
2022-U19;12-15;Uvaccinerede;0;0;57025;0,00
2022-U19;12-15;1. stik;0;1;5929;0,00
2022-U19;12-15;2. stik;1;2;239613;0,42
2022-U19;12-15;3. stik;0;3;1251;0,00
2022-U19;20-39;Uvaccinerede;1;0;252139;0,40
2022-U19;20-39;1. stik;0;1;27585;0,00
2022-U19;20-39;2. stik;4;2;401940;1,00
2022-U19;20-39;3. stik;11;3;823594;1,34
2022-U19;40-64;Uvaccinerede;6;0;137657;4,36
2022-U19;40-64;1. stik;0;1;9555;0,00
2022-U19;40-64;2. stik;5;2;164049;3,05
2022-U19;40-64;3. stik;35;3;1599343;2,19
2022-U19;65-79;Uvaccinerede;3;0;26073;11,51
2022-U19;65-79;1. stik;0;1;1353;0,00
2022-U19;65-79;2. stik;5;2;19161;26,09
2022-U19;65-79;3. stik;88;3;836397;10,52
2022-U19;80+;Uvaccinerede;8;0;7637;104,75
2022-U19;80+;1. stik;0;1;474;0,00
2022-U19;80+;2. stik;3;2;5779;51,91
2022-U19;80+;3. stik;73;3;238340;30,63
