Dato,Antal 1. stik,Antal 2. stik,Antal 3. stik,Antal 4. stik,Antal borgere,Samlet antal 1. stik,Samlet antal 2. stik,Samlet antal 3. stik,Samlet antal 4. stik,Samlet dækning 1. stik (%),Samlet dækning 2. stik (%),Samlet dækning 3. stik (%),Samlet dækning 4. stik (%)
12/8/20,1,0,0,0,5935592,1,0,0,0,0,0,0,0
12/11/20,1,0,0,0,5935592,2,0,0,0,0,0,0,0
12/15/20,1,0,0,0,5935592,3,0,0,0,0,0,0,0
12/16/20,1,0,0,0,5935592,4,0,0,0,0,0,0,0
12/17/20,2,0,0,0,5935592,6,0,0,0,0,0,0,0
12/18/20,1,0,0,0,5935592,7,0,0,0,0,0,0,0
12/19/20,1,0,0,0,5935592,8,0,0,0,0,0,0,0
12/20/20,2,0,0,0,5935592,10,0,0,0,0,0,0,0
12/21/20,3,0,0,0,5935592,13,0,0,0,0,0,0,0
12/22/20,5,0,0,0,5935592,18,0,0,0,0,0,0,0
12/23/20,5,0,0,0,5935592,23,0,0,0,0,0,0,0
12/24/20,4,0,0,0,5935592,27,0,0,0,0,0,0,0
12/26/20,5,0,0,0,5935592,32,0,0,0,0,0,0,0
12/27/20,5355,0,0,0,5935592,5387,0,0,0,0.09,0,0,0
12/28/20,1838,0,0,0,5935592,7225,0,0,0,0.12,0,0,0
12/29/20,7751,1,0,0,5935592,14976,1,0,0,0.25,0,0,0
12/30/20,9953,0,0,0,5935592,24929,1,0,0,0.42,0,0,0
12/31/20,5051,0,0,0,5935592,29980,1,0,0,0.51,0,0,0
1/1/21,1907,0,0,0,5935592,31887,1,0,0,0.54,0,0,0
1/2/21,7169,0,0,0,5935592,39056,1,0,0,0.66,0,0,0
1/3/21,4634,0,0,0,5935592,43690,1,0,0,0.74,0,0,0
1/4/21,2237,0,0,0,5935592,45927,1,0,0,0.77,0,0,0
1/5/21,11363,0,0,0,5935592,57290,1,0,0,0.97,0,0,0
1/6/21,16201,0,0,0,5935592,73491,1,0,0,1.24,0,0,0
1/7/21,14335,1,0,0,5935592,87826,2,0,0,1.48,0,0,0
1/8/21,6982,1,0,0,5935592,94808,3,0,0,1.6,0,0,0
1/9/21,1774,2,0,0,5935592,96582,5,0,0,1.63,0,0,0
1/10/21,819,0,0,0,5935592,97401,5,0,0,1.64,0,0,0
1/11/21,664,0,0,0,5935592,98065,5,0,0,1.65,0,0,0
1/12/21,467,2,0,0,5935592,98532,7,0,0,1.66,0,0,0
1/13/21,11372,6,0,0,5935592,109904,13,0,0,1.85,0,0,0
1/14/21,15579,1,0,0,5935592,125483,14,0,0,2.11,0,0,0
1/15/21,13048,5,0,0,5935592,138531,19,0,0,2.33,0,0,0
1/16/21,3918,10,0,0,5935592,142449,29,0,0,2.4,0,0,0
1/17/21,1976,553,0,0,5935592,144425,582,0,0,2.43,0.01,0,0
1/18/21,3272,1743,0,0,5935592,147697,2325,0,0,2.49,0.04,0,0
1/19/21,2159,1700,0,0,5935592,149856,4025,0,0,2.52,0.07,0,0
1/20/21,1322,1536,0,0,5935592,151178,5561,0,0,2.55,0.09,0,0
1/21/21,1355,1945,0,0,5935592,152533,7506,0,0,2.57,0.13,0,0
1/22/21,600,4754,0,0,5935592,153133,12260,0,0,2.58,0.21,0,0
1/23/21,606,5597,0,0,5935592,153739,17857,0,0,2.59,0.3,0,0
1/24/21,509,5075,0,0,5935592,154248,22932,0,0,2.6,0.39,0,0
1/25/21,269,2054,0,0,5935592,154517,24986,0,0,2.6,0.42,0,0
1/26/21,206,1470,0,0,5935592,154723,26456,0,0,2.61,0.45,0,0
1/27/21,212,3713,0,0,5935592,154935,30169,0,0,2.61,0.51,0,0
1/28/21,236,7378,0,0,5935592,155171,37547,0,0,2.61,0.63,0,0
1/29/21,969,15734,0,0,5935592,156140,53281,0,0,2.63,0.9,0,0
1/30/21,1033,10614,0,0,5935592,157173,63895,0,0,2.65,1.08,0,0
1/31/21,1065,9949,0,0,5935592,158238,73844,0,0,2.67,1.24,0,0
2/1/21,694,7029,0,0,5935592,158932,80873,0,0,2.68,1.36,0,0
2/2/21,1667,2661,0,0,5935592,160599,83534,0,0,2.71,1.41,0,0
2/3/21,1184,5548,0,0,5935592,161783,89082,0,0,2.73,1.5,0,0
2/4/21,1166,9658,0,0,5935592,162949,98740,0,0,2.75,1.66,0,0
2/5/21,1404,11702,0,0,5935592,164353,110442,0,0,2.77,1.86,0,0
2/6/21,877,5820,0,0,5935592,165230,116262,0,0,2.78,1.96,0,0
2/7/21,1572,3122,0,0,5935592,166802,119384,0,0,2.81,2.01,0,0
2/8/21,2130,6239,0,0,5935592,168932,125623,0,0,2.85,2.12,0,0
2/9/21,3093,4268,0,0,5935592,172025,129891,0,0,2.9,2.19,0,0
2/10/21,3064,3446,0,0,5935592,175089,133337,0,0,2.95,2.25,0,0
2/11/21,5442,2234,0,0,5935592,180531,135571,0,0,3.04,2.28,0,0
2/12/21,11345,7345,0,0,5935592,191876,142916,0,0,3.23,2.41,0,0
2/13/21,5975,832,0,0,5935592,197851,143748,0,0,3.33,2.42,0,0
2/14/21,5700,544,0,0,5935592,203551,144292,0,0,3.43,2.43,0,0
2/15/21,12353,2993,0,0,5935592,215904,147285,0,0,3.64,2.48,0,0
2/16/21,11924,1242,0,0,5935592,227828,148527,0,0,3.84,2.5,0,0
2/17/21,9488,373,0,0,5935592,237316,148900,0,0,4,2.51,0,0
2/18/21,10722,306,0,0,5935592,248038,149206,0,0,4.18,2.51,0,0
2/19/21,12961,880,0,0,5935592,260999,150086,0,0,4.4,2.53,0,0
2/20/21,9468,504,0,0,5935592,270467,150590,0,0,4.56,2.54,0,0
2/21/21,9814,325,0,0,5935592,280281,150915,0,0,4.72,2.54,0,0
2/22/21,12599,1039,0,0,5935592,292880,151954,0,0,4.93,2.56,0,0
2/23/21,13507,1748,1,0,5935592,306387,153702,1,0,5.16,2.59,0,0
2/24/21,12857,1608,1,0,5935592,319244,155310,2,0,5.38,2.62,0,0
2/25/21,14074,548,1,0,5935592,333318,155858,3,0,5.62,2.63,0,0
2/26/21,34433,981,1,0,5935592,367751,156839,4,0,6.2,2.64,0,0
2/27/21,6229,1173,1,0,5935592,373980,158012,5,0,6.3,2.66,0,0
2/28/21,10165,1169,2,0,5935592,384145,159181,7,0,6.47,2.68,0,0
3/1/21,18477,949,2,0,5935592,402622,160130,9,0,6.78,2.7,0,0
3/2/21,16027,1153,1,0,5935592,418649,161283,10,0,7.05,2.72,0,0
3/3/21,12597,908,1,0,5935592,431246,162191,11,0,7.27,2.73,0,0
3/4/21,16910,1679,1,0,5935592,448156,163870,12,0,7.55,2.76,0,0
3/5/21,15782,5072,0,0,5935592,463938,168942,12,0,7.82,2.85,0,0
3/6/21,13946,3459,0,0,5935592,477884,172401,12,0,8.05,2.9,0,0
3/7/21,11270,3741,0,0,5935592,489154,176142,12,0,8.24,2.97,0,0
3/8/21,9103,5741,0,0,5935592,498257,181883,12,0,8.39,3.06,0,0
3/9/21,10425,6227,11,0,5935592,508682,188110,23,0,8.57,3.17,0,0
3/10/21,11564,6319,2,0,5935592,520246,194429,25,0,8.76,3.28,0,0
3/11/21,4182,6995,1,0,5935592,524428,201424,26,0,8.84,3.39,0,0
3/12/21,3040,9337,0,0,5935592,527468,210761,26,0,8.89,3.55,0,0
3/13/21,4274,5207,1,0,5935592,531742,215968,27,0,8.96,3.64,0,0
3/14/21,1143,8507,1,0,5935592,532885,224475,28,0,8.98,3.78,0,0
3/15/21,2637,8991,1,0,5935592,535522,233466,29,0,9.02,3.93,0,0
3/16/21,6346,8526,0,0,5935592,541868,241992,29,0,9.13,4.08,0,0
3/17/21,10169,8254,0,0,5935592,552037,250246,29,0,9.3,4.22,0,0
3/18/21,13833,6577,0,0,5935592,565870,256823,29,0,9.53,4.33,0,0
3/19/21,7386,10776,0,0,5935592,573256,267599,29,0,9.66,4.51,0,0
3/20/21,2888,4414,0,0,5935592,576144,272013,29,0,9.71,4.58,0,0
3/21/21,4764,4359,0,0,5935592,580908,276372,29,0,9.79,4.66,0,0
3/22/21,3949,7129,0,0,5935592,584857,283501,29,0,9.85,4.78,0,0
3/23/21,5757,7054,2,0,5935592,590614,290555,31,0,9.95,4.9,0,0
3/24/21,9355,12471,1,0,5935592,599969,303026,32,0,10.1,5.11,0,0
3/25/21,7369,7814,2,0,5935592,607338,310840,34,0,10.2,5.24,0,0
3/26/21,5865,7270,0,0,5935592,613203,318110,34,0,10.3,5.36,0,0
3/27/21,9536,2906,0,0,5935592,622739,321016,34,0,10.5,5.41,0,0
3/28/21,10342,2614,1,0,5935592,633081,323630,35,0,10.7,5.45,0,0
3/29/21,17212,5719,1,0,5935592,650293,329349,36,0,11,5.55,0,0
3/30/21,20777,5608,4,0,5935592,671070,334957,40,0,11.3,5.64,0,0
3/31/21,12632,8959,0,0,5935592,683702,343916,40,0,11.5,5.79,0,0
4/1/21,4118,6411,1,0,5935592,687820,350327,41,0,11.6,5.9,0,0
4/2/21,4784,6471,0,0,5935592,692604,356798,41,0,11.7,6.01,0,0
4/3/21,11674,2047,1,0,5935592,704278,358845,42,0,11.9,6.05,0,0
4/4/21,11316,1672,0,0,5935592,715594,360517,42,0,12.1,6.07,0,0
4/5/21,11991,1248,0,0,5935592,727585,361765,42,0,12.3,6.09,0,0
4/6/21,15610,5642,6,0,5935592,743195,367407,48,0,12.5,6.19,0,0
4/7/21,16202,7573,2,0,5935592,759397,374980,50,0,12.8,6.32,0,0
4/8/21,13459,7861,0,0,5935592,772856,382841,50,0,13,6.45,0,0
4/9/21,16057,8088,3,0,5935592,788913,390929,53,0,13.3,6.59,0,0
4/10/21,16383,5158,0,0,5935592,805296,396087,53,0,13.6,6.67,0,0
4/11/21,14638,3739,0,0,5935592,819934,399826,53,0,13.8,6.74,0,0
4/12/21,92104,11023,1,0,5935592,912038,410849,54,0,15.4,6.92,0,0
4/13/21,18210,5841,1,0,5935592,930248,416690,55,0,15.7,7.02,0,0
4/14/21,11244,10560,4,0,5935592,941492,427250,59,0,15.9,7.2,0,0
4/15/21,15060,8619,3,0,5935592,956552,435869,62,0,16.1,7.34,0,0
4/16/21,17069,7752,2,1,5935592,973621,443621,64,1,16.4,7.47,0,0
4/17/21,18473,2641,0,0,5935592,992094,446262,64,1,16.7,7.52,0,0
4/18/21,14283,4906,0,0,5935592,1006377,451168,64,1,17,7.6,0,0
4/19/21,24404,13769,1,0,5935592,1030781,464937,65,1,17.4,7.83,0,0
4/20/21,21694,16202,2,0,5935592,1052475,481139,67,1,17.7,8.11,0,0
4/21/21,22188,12244,1,0,5935592,1074663,493383,68,1,18.1,8.31,0,0
4/22/21,27843,5181,4,0,5935592,1102506,498564,72,1,18.6,8.4,0,0
4/23/21,21849,10839,2,0,5935592,1124355,509403,74,1,18.9,8.58,0,0
4/24/21,14682,7348,0,0,5935592,1139037,516751,74,1,19.2,8.71,0,0
4/25/21,15034,5143,1,0,5935592,1154071,521894,75,1,19.4,8.79,0,0
4/26/21,31125,7627,4,0,5935592,1185196,529521,79,1,20,8.92,0,0
4/27/21,26138,20249,10,0,5935592,1211334,549770,89,1,20.4,9.26,0,0
4/28/21,23800,19957,8,1,5935592,1235134,569727,97,2,20.8,9.6,0,0
4/29/21,25557,17477,3,0,5935592,1260691,587204,100,2,21.2,9.89,0,0
4/30/21,13308,3859,0,0,5935592,1273999,591063,100,2,21.5,9.96,0,0
5/1/21,7269,5964,4,0,5935592,1281268,597027,104,2,21.6,10.1,0,0
5/2/21,16485,13533,1,0,5935592,1297753,610560,105,2,21.9,10.3,0,0
5/3/21,20278,44799,7,0,5935592,1318031,655359,112,2,22.2,11,0,0
5/4/21,27348,24298,8,0,5935592,1345379,679657,120,2,22.7,11.5,0,0
5/5/21,26553,28703,0,0,5935592,1371932,708360,120,2,23.1,11.9,0,0
5/6/21,21333,25137,6,0,5935592,1393265,733497,126,2,23.5,12.4,0,0
5/7/21,16333,24171,1,0,5935592,1409598,757668,127,2,23.7,12.8,0,0
5/8/21,9450,30300,1,0,5935592,1419048,787968,128,2,23.9,13.3,0,0
5/9/21,15820,16426,0,0,5935592,1434868,804394,128,2,24.2,13.6,0,0
5/10/21,26357,35526,5,0,5935592,1461225,839920,133,2,24.6,14.2,0,0
5/11/21,29460,25868,2,0,5935592,1490685,865788,135,2,25.1,14.6,0,0
5/12/21,26005,26606,3,0,5935592,1516690,892394,138,2,25.6,15,0,0
5/13/21,19569,19419,1,0,5935592,1536259,911813,139,2,25.9,15.4,0,0
5/14/21,20510,30307,5,0,5935592,1556769,942120,144,2,26.2,15.9,0,0
5/15/21,15347,19091,1,0,5935592,1572116,961211,145,2,26.5,16.2,0,0
5/16/21,19873,13879,2,0,5935592,1591989,975090,147,2,26.8,16.4,0,0
5/17/21,30866,29775,2,0,5935592,1622855,1004865,149,2,27.3,16.9,0,0
5/18/21,29390,30335,3,0,5935592,1652245,1035200,152,2,27.8,17.4,0,0
5/19/21,31599,22336,2,0,5935592,1683844,1057536,154,2,28.4,17.8,0,0
5/20/21,32344,22048,2,0,5935592,1716188,1079584,156,2,28.9,18.2,0,0
5/21/21,35115,19073,1,0,5935592,1751303,1098657,157,2,29.5,18.5,0,0
5/22/21,25850,11754,2,0,5935592,1777153,1110411,159,2,29.9,18.7,0,0
5/23/21,22456,6141,1,0,5935592,1799609,1116552,160,2,30.3,18.8,0,0
5/24/21,23347,9617,2,0,5935592,1822956,1126169,162,2,30.7,19,0,0
5/25/21,43240,12773,3,0,5935592,1866196,1138942,165,2,31.4,19.2,0,0
5/26/21,47223,12038,4,0,5935592,1913419,1150980,169,2,32.2,19.4,0,0
5/27/21,49077,12172,3,0,5935592,1962496,1163152,172,2,33.1,19.6,0,0
5/28/21,40840,9387,2,0,5935592,2003336,1172539,174,2,33.8,19.8,0,0
5/29/21,29682,5004,2,0,5935592,2033018,1177543,176,2,34.3,19.8,0,0
5/30/21,25720,6699,1,0,5935592,2058738,1184242,177,2,34.7,20,0,0
5/31/21,35990,20869,3,0,5935592,2094728,1205111,180,2,35.3,20.3,0,0
6/1/21,39630,16791,4,0,5935592,2134358,1221902,184,2,36,20.6,0,0
6/2/21,42523,16499,3,0,5935592,2176881,1238401,187,2,36.7,20.9,0,0
6/3/21,36070,21607,1,0,5935592,2212951,1260008,188,2,37.3,21.2,0,0
6/4/21,41203,12232,2,0,5935592,2254154,1272240,190,2,38,21.4,0,0
6/5/21,34793,5677,2,0,5935592,2288947,1277917,192,2,38.6,21.5,0,0
6/6/21,29813,12919,0,0,5935592,2318760,1290836,192,2,39.1,21.7,0,0
6/7/21,53313,18900,1,0,5935592,2372073,1309736,193,2,40,22.1,0,0
6/8/21,53380,22097,6,0,5935592,2425453,1331833,199,2,40.9,22.4,0,0
6/9/21,52581,22071,2,0,5935592,2478034,1353904,201,2,41.7,22.8,0,0
6/10/21,58538,14299,4,0,5935592,2536572,1368203,205,2,42.7,23.1,0,0
6/11/21,48191,15248,1,0,5935592,2584763,1383451,206,2,43.5,23.3,0,0
6/12/21,33239,10121,0,0,5935592,2618002,1393572,206,2,44.1,23.5,0,0
6/13/21,33339,10137,1,0,5935592,2651341,1403709,207,2,44.7,23.6,0,0
6/14/21,52170,18965,2,0,5935592,2703511,1422674,209,2,45.5,24,0,0
6/15/21,60044,16795,1,0,5935592,2763555,1439469,210,2,46.6,24.3,0,0
6/16/21,51625,24427,1,0,5935592,2815180,1463896,211,2,47.4,24.7,0,0
6/17/21,50721,20568,3,0,5935592,2865901,1484464,214,2,48.3,25,0,0
6/18/21,34767,26083,3,0,5935592,2900668,1510547,217,2,48.9,25.4,0,0
6/19/21,23542,17123,2,0,5935592,2924210,1527670,219,2,49.3,25.7,0,0
6/20/21,28965,14790,0,0,5935592,2953175,1542460,219,2,49.8,26,0,0
6/21/21,39236,25191,3,0,5935592,2992411,1567651,222,2,50.4,26.4,0,0
6/22/21,46257,26312,3,1,5935592,3038668,1593963,225,3,51.2,26.9,0,0
6/23/21,38289,31884,2,0,5935592,3076957,1625847,227,3,51.8,27.4,0,0
6/24/21,33712,33801,3,0,5935592,3110669,1659648,230,3,52.4,28,0,0
6/25/21,28927,32125,12,0,5935592,3139596,1691773,242,3,52.9,28.5,0,0
6/26/21,18943,22125,0,0,5935592,3158539,1713898,242,3,53.2,28.9,0,0
6/27/21,16025,23826,2,0,5935592,3174564,1737724,244,3,53.5,29.3,0,0
6/28/21,30495,33708,1,0,5935592,3205059,1771432,245,3,54,29.8,0,0
6/29/21,30516,41750,2,0,5935592,3235575,1813182,247,3,54.5,30.5,0,0
6/30/21,32700,38244,2,0,5935592,3268275,1851426,249,3,55.1,31.2,0,0
7/1/21,31549,40362,1,0,5935592,3299824,1891788,250,3,55.6,31.9,0,0
7/2/21,19533,43703,2,0,5935592,3319357,1935491,252,3,55.9,32.6,0,0
7/3/21,11569,32420,2,0,5935592,3330926,1967911,254,3,56.1,33.2,0,0
7/4/21,12785,29097,3,0,5935592,3343711,1997008,257,3,56.3,33.6,0,0
7/5/21,32404,42815,0,0,5935592,3376115,2039823,257,3,56.9,34.4,0,0
7/6/21,40082,42134,7,0,5935592,3416197,2081957,264,3,57.6,35.1,0,0
7/7/21,46158,39438,2,0,5935592,3462355,2121395,266,3,58.3,35.7,0,0
7/8/21,46976,36664,0,0,5935592,3509331,2158059,266,3,59.1,36.4,0,0
7/9/21,44776,33037,8,0,5935592,3554107,2191096,274,3,59.9,36.9,0,0
7/10/21,30476,21680,4,0,5935592,3584583,2212776,278,3,60.4,37.3,0,0
7/11/21,34274,21923,1,0,5935592,3618857,2234699,279,3,61,37.6,0,0
7/12/21,35346,54320,3,0,5935592,3654203,2289019,282,3,61.6,38.6,0,0
7/13/21,40485,49505,2,0,5935592,3694688,2338524,284,3,62.2,39.4,0,0
7/14/21,42810,44605,6,0,5935592,3737498,2383129,290,3,63,40.1,0,0
7/15/21,32905,53301,7,0,5935592,3770403,2436430,297,3,63.5,41,0.01,0
7/16/21,29884,43304,2,2,5935592,3800287,2479734,299,5,64,41.8,0.01,0
7/17/21,24192,26282,3,0,5935592,3824479,2506016,302,5,64.4,42.2,0.01,0
7/18/21,20254,33742,3,0,5935592,3844733,2539758,305,5,64.8,42.8,0.01,0
7/19/21,32457,54369,4,0,5935592,3877190,2594127,309,5,65.3,43.7,0.01,0
7/20/21,32902,56261,4,0,5935592,3910092,2650388,313,5,65.9,44.7,0.01,0
7/21/21,29990,54855,4,0,5935592,3940082,2705243,317,5,66.4,45.6,0.01,0
7/22/21,24272,51595,3,0,5935592,3964354,2756838,320,5,66.8,46.4,0.01,0
7/23/21,24650,43480,6,0,5935592,3989004,2800318,326,5,67.2,47.2,0.01,0
7/24/21,17466,23533,1,1,5935592,4006470,2823851,327,6,67.5,47.6,0.01,0
7/25/21,13369,31498,1,0,5935592,4019839,2855349,328,6,67.7,48.1,0.01,0
7/26/21,24926,41995,9,0,5935592,4044765,2897344,337,6,68.1,48.8,0.01,0
7/27/21,23063,44651,5,0,5935592,4067828,2941995,342,6,68.5,49.6,0.01,0
7/28/21,18982,43164,8,0,5935592,4086810,2985159,350,6,68.9,50.3,0.01,0
7/29/21,18802,39061,7,0,5935592,4105612,3024220,357,6,69.2,51,0.01,0
7/30/21,14156,34662,3,0,5935592,4119768,3058882,360,6,69.4,51.5,0.01,0
7/31/21,6458,19970,1,0,5935592,4126226,3078852,361,6,69.5,51.9,0.01,0
8/1/21,8777,19104,3,0,5935592,4135003,3097956,364,6,69.7,52.2,0.01,0
8/2/21,16318,40508,8,0,5935592,4151321,3138464,372,6,69.9,52.9,0.01,0
8/3/21,13515,42927,11,0,5935592,4164836,3181391,383,6,70.2,53.6,0.01,0
8/4/21,11420,44348,5,0,5935592,4176256,3225739,388,6,70.4,54.3,0.01,0
8/5/21,11448,39741,1,0,5935592,4187704,3265480,389,6,70.6,55,0.01,0
8/6/21,9954,39736,6,0,5935592,4197658,3305216,395,6,70.7,55.7,0.01,0
8/7/21,7725,26661,1,0,5935592,4205383,3331877,396,6,70.9,56.1,0.01,0
8/8/21,4108,35549,1,0,5935592,4209491,3367426,397,6,70.9,56.7,0.01,0
8/9/21,9966,55102,6,0,5935592,4219457,3422528,403,6,71.1,57.7,0.01,0
8/10/21,9867,54382,9,0,5935592,4229324,3476910,412,6,71.3,58.6,0.01,0
8/11/21,6289,57196,12,0,5935592,4235613,3534106,424,6,71.4,59.5,0.01,0
8/12/21,6074,49828,7,0,5935592,4241687,3583934,431,6,71.5,60.4,0.01,0
8/13/21,6442,46553,5,0,5935592,4248129,3630487,436,6,71.6,61.2,0.01,0
8/14/21,4304,34960,5,0,5935592,4252433,3665447,441,6,71.6,61.8,0.01,0
8/15/21,4482,37142,5,0,5935592,4256915,3702589,446,6,71.7,62.4,0.01,0
8/16/21,7215,44787,8,0,5935592,4264130,3747376,454,6,71.8,63.1,0.01,0
8/17/21,7144,37472,5,0,5935592,4271274,3784848,459,6,72,63.8,0.01,0
8/18/21,5546,36347,9,0,5935592,4276820,3821195,468,6,72.1,64.4,0.01,0
8/19/21,6212,26414,16,0,5935592,4283032,3847609,484,6,72.2,64.8,0.01,0
8/20/21,4954,28619,9,0,5935592,4287986,3876228,493,6,72.2,65.3,0.01,0
8/21/21,4514,19543,1,0,5935592,4292500,3895771,494,6,72.3,65.6,0.01,0
8/22/21,3031,16092,3,0,5935592,4295531,3911863,497,6,72.4,65.9,0.01,0
8/23/21,5634,30183,16,0,5935592,4301165,3942046,513,6,72.5,66.4,0.01,0
8/24/21,5806,28526,11,0,5935592,4306971,3970572,524,6,72.6,66.9,0.01,0
8/25/21,4949,18692,12,0,5935592,4311920,3989264,536,6,72.6,67.2,0.01,0
8/26/21,4456,18348,8,0,5935592,4316376,4007612,544,6,72.7,67.5,0.01,0
8/27/21,4594,20303,7,0,5935592,4320970,4027915,551,6,72.8,67.9,0.01,0
8/28/21,2696,10005,2,0,5935592,4323666,4037920,553,6,72.8,68,0.01,0
8/29/21,2390,11649,3,1,5935592,4326056,4049569,556,7,72.9,68.2,0.01,0
8/30/21,4075,24402,29,0,5935592,4330131,4073971,585,7,73,68.6,0.01,0
8/31/21,3639,17060,12,0,5935592,4333770,4091031,597,7,73,68.9,0.01,0
9/1/21,2968,10567,19,1,5935592,4336738,4101598,616,8,73.1,69.1,0.01,0
9/2/21,2907,10053,20,1,5935592,4339645,4111651,636,9,73.1,69.3,0.01,0
9/3/21,2646,8805,12,0,5935592,4342291,4120456,648,9,73.2,69.4,0.01,0
9/4/21,1816,7234,8,0,5935592,4344107,4127690,656,9,73.2,69.5,0.01,0
9/5/21,2096,5947,7,0,5935592,4346203,4133637,663,9,73.2,69.6,0.01,0
9/6/21,2150,9356,82,0,5935592,4348353,4142993,745,9,73.3,69.8,0.01,0
9/7/21,2242,7981,21,0,5935592,4350595,4150974,766,9,73.3,69.9,0.01,0
9/8/21,2308,6802,36,0,5935592,4352903,4157776,802,9,73.3,70,0.01,0
9/9/21,1941,6199,133,1,5935592,4354844,4163975,935,10,73.4,70.2,0.02,0
9/10/21,2108,7596,894,0,5935592,4356952,4171571,1829,10,73.4,70.3,0.03,0
9/11/21,1802,5749,2409,2,5935592,4358754,4177320,4238,12,73.4,70.4,0.07,0
9/12/21,1349,4889,1724,0,5935592,4360103,4182209,5962,12,73.5,70.5,0.1,0
9/13/21,1883,6679,4487,1,5935592,4361986,4188888,10449,13,73.5,70.6,0.18,0
9/14/21,1759,5488,3975,3,5935592,4363745,4194376,14424,16,73.5,70.7,0.24,0
9/15/21,1722,5656,4608,1,5935592,4365467,4200032,19032,17,73.5,70.8,0.32,0
9/16/21,1648,4697,4244,0,5935592,4367115,4204729,23276,17,73.6,70.8,0.39,0
9/17/21,1602,4867,3682,3,5935592,4368717,4209596,26958,20,73.6,70.9,0.45,0
9/18/21,1111,3657,1008,0,5935592,4369828,4213253,27966,20,73.6,71,0.47,0
9/19/21,992,3087,682,1,5935592,4370820,4216340,28648,21,73.6,71,0.48,0
9/20/21,1703,6146,4112,1,5935592,4372523,4222486,32760,22,73.7,71.1,0.55,0
9/21/21,1444,4650,4198,3,5935592,4373967,4227136,36958,25,73.7,71.2,0.62,0
9/22/21,1452,3995,4399,5,5935592,4375419,4231131,41357,30,73.7,71.3,0.7,0
9/23/21,1190,3492,3703,2,5935592,4376609,4234623,45060,32,73.7,71.3,0.76,0
9/24/21,1164,3552,2939,0,5935592,4377773,4238175,47999,32,73.8,71.4,0.81,0
9/25/21,872,2312,662,0,5935592,4378645,4240487,48661,32,73.8,71.4,0.82,0
9/26/21,832,2768,653,0,5935592,4379477,4243255,49314,32,73.8,71.5,0.83,0
9/27/21,1076,3294,2775,1,5935592,4380553,4246549,52089,33,73.8,71.5,0.88,0
9/28/21,1196,3330,2706,4,5935592,4381749,4249879,54795,37,73.8,71.6,0.92,0
9/29/21,1260,3282,2337,2,5935592,4383009,4253161,57132,39,73.8,71.7,0.96,0
9/30/21,1099,2872,1365,1,5935592,4384108,4256033,58497,40,73.9,71.7,0.99,0
10/1/21,1039,2971,2055,0,5935592,4385147,4259004,60552,40,73.9,71.8,1.02,0
10/2/21,695,2424,956,3,5935592,4385842,4261428,61508,43,73.9,71.8,1.04,0
10/3/21,442,1637,588,0,5935592,4386284,4263065,62096,43,73.9,71.8,1.05,0
10/4/21,777,2531,2404,2,5935592,4387061,4265596,64500,45,73.9,71.9,1.09,0
10/5/21,1194,3511,3493,2,5935592,4388255,4269107,67993,47,73.9,71.9,1.15,0
10/6/21,1334,3515,5065,5,5935592,4389589,4272622,73058,52,74,72,1.23,0
10/7/21,911,2744,4239,1,5935592,4390500,4275366,77297,53,74,72,1.3,0
10/8/21,1062,2723,3791,2,5935592,4391562,4278089,81088,55,74,72.1,1.37,0
10/9/21,727,2279,1882,0,5935592,4392289,4280368,82970,55,74,72.1,1.4,0
10/10/21,440,1040,1168,0,5935592,4392729,4281408,84138,55,74,72.1,1.42,0
10/11/21,748,1844,3883,2,5935592,4393477,4283252,88021,57,74,72.2,1.48,0
10/12/21,1128,3063,5482,5,5935592,4394605,4286315,93503,62,74,72.2,1.58,0
10/13/21,1131,2639,5967,4,5935592,4395736,4288954,99470,66,74.1,72.3,1.68,0
10/14/21,826,2116,4358,6,5935592,4396562,4291070,103828,72,74.1,72.3,1.75,0
10/15/21,1041,2190,4522,3,5935592,4397603,4293260,108350,75,74.1,72.3,1.83,0
10/16/21,659,1489,4470,0,5935592,4398262,4294749,112820,75,74.1,72.4,1.9,0
10/17/21,359,800,4738,0,5935592,4398621,4295549,117558,75,74.1,72.4,1.98,0
10/18/21,778,1397,10448,8,5935592,4399399,4296946,128006,83,74.1,72.4,2.16,0
10/19/21,1137,2311,14445,6,5935592,4400536,4299257,142451,89,74.1,72.4,2.4,0
10/20/21,1187,2155,15941,10,5935592,4401723,4301412,158392,99,74.2,72.5,2.67,0
10/21/21,1132,1693,13521,11,5935592,4402855,4303105,171913,110,74.2,72.5,2.9,0
10/22/21,1210,1772,12266,11,5935592,4404065,4304877,184179,121,74.2,72.5,3.1,0
10/23/21,676,1252,6117,0,5935592,4404741,4306129,190296,121,74.2,72.5,3.21,0
10/24/21,525,671,3788,3,5935592,4405266,4306800,194084,124,74.2,72.6,3.27,0
10/25/21,1115,1537,12468,13,5935592,4406381,4308337,206552,137,74.2,72.6,3.48,0
10/26/21,1550,2026,13891,10,5935592,4407931,4310363,220443,147,74.3,72.6,3.71,0
10/27/21,1735,2134,15761,8,5935592,4409666,4312497,236204,155,74.3,72.7,3.98,0
10/28/21,1641,1759,13979,4,5935592,4411307,4314256,250183,159,74.3,72.7,4.21,0
10/29/21,1577,1835,11977,1,5935592,4412884,4316091,262160,160,74.3,72.7,4.42,0
10/30/21,1047,1027,4193,0,5935592,4413931,4317118,266353,160,74.4,72.7,4.49,0
10/31/21,620,670,3053,0,5935592,4414551,4317788,269406,160,74.4,72.7,4.54,0
11/1/21,1708,1622,13187,5,5935592,4416259,4319410,282593,165,74.4,72.8,4.76,0
11/2/21,1917,1724,11400,3,5935592,4418176,4321134,293993,168,74.4,72.8,4.95,0
11/3/21,2233,1884,15589,4,5935592,4420409,4323018,309582,172,74.5,72.8,5.22,0
11/4/21,1720,1445,12349,2,5935592,4422129,4324463,321931,174,74.5,72.9,5.42,0
11/5/21,2194,1767,11309,2,5935592,4424323,4326230,333240,176,74.5,72.9,5.61,0
11/6/21,1530,1009,3914,0,5935592,4425853,4327239,337154,176,74.6,72.9,5.68,0
11/7/21,869,501,2638,1,5935592,4426722,4327740,339792,177,74.6,72.9,5.72,0
11/8/21,2441,1658,11519,7,5935592,4429163,4329398,351311,184,74.6,72.9,5.92,0
11/9/21,4888,2233,14090,4,5935592,4434051,4331631,365401,188,74.7,73,6.16,0
11/10/21,5272,2469,19090,6,5935592,4439323,4334100,384491,194,74.8,73,6.48,0
11/11/21,4243,2081,15342,7,5935592,4443566,4336181,399833,201,74.9,73.1,6.74,0
11/12/21,4280,2209,13578,2,5935592,4447846,4338390,413411,203,74.9,73.1,6.96,0
11/13/21,3165,1315,5212,0,5935592,4451011,4339705,418623,203,75,73.1,7.05,0
11/14/21,2355,842,4532,0,5935592,4453366,4340547,423155,203,75,73.1,7.13,0
11/15/21,5192,2372,15277,6,5935592,4458558,4342919,438432,209,75.1,73.2,7.39,0
11/16/21,4439,2176,14628,1,5935592,4462997,4345095,453060,210,75.2,73.2,7.63,0
11/17/21,4147,2244,23611,4,5935592,4467144,4347339,476671,214,75.3,73.2,8.03,0
11/18/21,3458,1962,23028,1,5935592,4470602,4349301,499699,215,75.3,73.3,8.42,0
11/19/21,3191,1894,21464,3,5935592,4473793,4351195,521163,218,75.4,73.3,8.78,0
11/20/21,2236,1330,13273,1,5935592,4476029,4352525,534436,219,75.4,73.3,9,0
11/21/21,1319,827,7555,1,5935592,4477348,4353352,541991,220,75.4,73.3,9.13,0
11/22/21,3075,2213,28079,4,5935592,4480423,4355565,570070,224,75.5,73.4,9.6,0
11/23/21,3100,2211,32078,2,5935592,4483523,4357776,602148,226,75.5,73.4,10.1,0
11/24/21,2793,2428,34730,4,5935592,4486316,4360204,636878,230,75.6,73.5,10.7,0
11/25/21,2759,2102,33382,3,5935592,4489075,4362306,670260,233,75.6,73.5,11.3,0
11/26/21,2715,2311,25714,3,5935592,4491790,4364617,695974,236,75.7,73.5,11.7,0
11/27/21,2204,1650,17706,0,5935592,4493994,4366267,713680,236,75.7,73.6,12,0
11/28/21,3249,1411,16825,2,5935592,4497243,4367678,730505,238,75.8,73.6,12.3,0
11/29/21,4044,2969,29079,1,5935592,4501287,4370647,759584,239,75.8,73.6,12.8,0
11/30/21,4875,3591,30047,0,5935592,4506162,4374238,789631,239,75.9,73.7,13.3,0
12/1/21,5058,3901,33409,4,5935592,4511220,4378139,823040,243,76,73.8,13.9,0
12/2/21,5560,3416,32474,8,5935592,4516780,4381555,855514,251,76.1,73.8,14.4,0
12/3/21,5125,3571,27868,0,5935592,4521905,4385126,883382,251,76.2,73.9,14.9,0
12/4/21,6176,2575,17561,4,5935592,4528081,4387701,900943,255,76.3,73.9,15.2,0
12/5/21,9452,1963,14091,2,5935592,4537533,4389664,915034,257,76.4,74,15.4,0
12/6/21,7589,4779,34441,6,5935592,4545122,4394443,949475,263,76.6,74,16,0
12/7/21,10100,4670,37632,4,5935592,4555222,4399113,987107,267,76.7,74.1,16.6,0
12/8/21,10821,5188,46373,8,5935592,4566043,4404301,1033480,275,76.9,74.2,17.4,0
12/9/21,11057,4124,47276,13,5935592,4577100,4408425,1080756,288,77.1,74.3,18.2,0
12/10/21,10249,3925,49052,6,5935592,4587349,4412350,1129808,294,77.3,74.3,19,0
12/11/21,9339,2331,33722,1,5935592,4596688,4414681,1163530,295,77.4,74.4,19.6,0
12/12/21,12414,1944,32333,5,5935592,4609102,4416625,1195863,300,77.7,74.4,20.1,0.01
12/13/21,8906,4224,82696,9,5935592,4618008,4420849,1278559,309,77.8,74.5,21.5,0.01
12/14/21,10956,4287,107943,19,5935592,4628964,4425136,1386502,328,78,74.6,23.4,0.01
12/15/21,14259,4532,132853,18,5935592,4643223,4429668,1519355,346,78.2,74.6,25.6,0.01
12/16/21,14884,3917,147135,24,5935592,4658107,4433585,1666490,370,78.5,74.7,28.1,0.01
12/17/21,12965,4059,145201,9,5935592,4671072,4437644,1811691,379,78.7,74.8,30.5,0.01
12/18/21,10705,2793,82348,4,5935592,4681777,4440437,1894039,383,78.9,74.8,31.9,0.01
12/19/21,9690,2970,70669,2,5935592,4691467,4443407,1964708,385,79,74.9,33.1,0.01
12/20/21,10434,6178,132328,11,5935592,4701901,4449585,2097036,396,79.2,75,35.3,0.01
12/21/21,9300,5560,108180,29,5935592,4711201,4455145,2205216,425,79.4,75.1,37.2,0.01
12/22/21,6918,5228,92723,9,5935592,4718119,4460373,2297939,434,79.5,75.1,38.7,0.01
12/23/21,2913,2999,75310,12,5935592,4721032,4463372,2373249,446,79.5,75.2,40,0.01
12/24/21,278,225,9336,0,5935592,4721310,4463597,2382585,446,79.5,75.2,40.1,0.01
12/25/21,616,448,17907,0,5935592,4721926,4464045,2400492,446,79.6,75.2,40.4,0.01
12/26/21,1528,1423,27508,2,5935592,4723454,4465468,2428000,448,79.6,75.2,40.9,0.01
12/27/21,6286,12408,90839,10,5935592,4729740,4477876,2518839,458,79.7,75.4,42.4,0.01
12/28/21,5198,10218,84742,7,5935592,4734938,4488094,2603581,465,79.8,75.6,43.9,0.01
12/29/21,5345,10007,74077,4,5935592,4740283,4498101,2677658,469,79.9,75.8,45.1,0.01
12/30/21,2903,6474,43446,5,5935592,4743186,4504575,2721104,474,79.9,75.9,45.8,0.01
12/31/21,285,553,4826,1,5935592,4743471,4505128,2725930,475,79.9,75.9,45.9,0.01
1/1/22,350,902,6886,0,5935592,4743821,4506030,2732816,475,79.9,75.9,46,0.01
1/2/22,2110,7543,32724,3,5935592,4745931,4513573,2765540,478,80,76,46.6,0.01
1/3/22,3845,13924,56580,10,5935592,4749776,4527497,2822120,488,80,76.3,47.5,0.01
1/4/22,3458,11725,53162,7,5935592,4753234,4539222,2875282,495,80.1,76.5,48.4,0.01
1/5/22,2707,11200,46603,12,5935592,4755941,4550422,2921885,507,80.1,76.7,49.2,0.01
1/6/22,2562,11149,43192,5,5935592,4758503,4561571,2965077,512,80.2,76.9,50,0.01
1/7/22,3031,11924,45395,13,5935592,4761534,4573495,3010472,525,80.2,77.1,50.7,0.01
1/8/22,2248,11080,24194,6,5935592,4763782,4584575,3034666,531,80.3,77.2,51.1,0.01
1/9/22,1463,8934,21736,6,5935592,4765245,4593509,3056402,537,80.3,77.4,51.5,0.01
1/10/22,1884,8763,34757,5,5935592,4767129,4602272,3091159,542,80.3,77.5,52.1,0.01
1/11/22,1782,8392,27755,15,5935592,4768911,4610664,3118914,557,80.3,77.7,52.5,0.01
1/12/22,1711,8062,31412,7,5935592,4770622,4618726,3150326,564,80.4,77.8,53.1,0.01
1/13/22,1661,6437,35690,13,5935592,4772283,4625163,3186016,577,80.4,77.9,53.7,0.01
1/14/22,1835,5559,35927,15,5935592,4774118,4630722,3221943,592,80.4,78,54.3,0.01
1/15/22,1200,4170,19399,2,5935592,4775318,4634892,3241342,594,80.5,78.1,54.6,0.01
1/16/22,729,3670,20571,4,5935592,4776047,4638562,3261913,598,80.5,78.1,55,0.01
1/17/22,1141,4488,32944,16,5935592,4777188,4643050,3294857,614,80.5,78.2,55.5,0.01
1/18/22,1052,4198,26121,12,5935592,4778240,4647248,3320978,626,80.5,78.3,56,0.01
1/19/22,1088,4310,22858,19,5935592,4779328,4651558,3343836,645,80.5,78.4,56.3,0.01
1/20/22,911,3870,19094,11,5935592,4780239,4655428,3362930,656,80.5,78.4,56.7,0.01
1/21/22,1081,3587,21154,13,5935592,4781320,4659015,3384084,669,80.6,78.5,57,0.01
1/22/22,627,2543,10019,3,5935592,4781947,4661558,3394103,672,80.6,78.5,57.2,0.01
1/23/22,385,2144,10167,1,5935592,4782332,4663702,3404270,673,80.6,78.6,57.4,0.01
1/24/22,512,2591,16073,11,5935592,4782844,4666293,3420343,684,80.6,78.6,57.6,0.01
1/25/22,522,2665,12650,9,5935592,4783366,4668958,3432993,693,80.6,78.7,57.8,0.01
1/26/22,466,2430,10850,55,5935592,4783832,4671388,3443843,748,80.6,78.7,58,0.01
1/27/22,424,2258,9478,557,5935592,4784256,4673646,3453321,1305,80.6,78.7,58.2,0.02
1/28/22,491,2653,10139,1648,5935592,4784747,4676299,3463460,2953,80.6,78.8,58.4,0.05
1/29/22,260,1879,4701,1026,5935592,4785007,4678178,3468161,3979,80.6,78.8,58.4,0.07
1/30/22,183,1666,3502,894,5935592,4785190,4679844,3471663,4873,80.6,78.8,58.5,0.08
1/31/22,287,1574,7447,2603,5935592,4785477,4681418,3479110,7476,80.6,78.9,58.6,0.13
2/1/22,270,1214,5218,2906,5935592,4785747,4682632,3484328,10382,80.6,78.9,58.7,0.17
2/2/22,273,1190,4981,2487,5935592,4786020,4683822,3489309,12869,80.6,78.9,58.8,0.22
2/3/22,229,1096,4422,2177,5935592,4786249,4684918,3493731,15046,80.6,78.9,58.9,0.25
2/4/22,248,1301,4757,1695,5935592,4786497,4686219,3498488,16741,80.6,79,58.9,0.28
2/5/22,147,1010,2488,477,5935592,4786644,4687229,3500976,17218,80.6,79,59,0.29
2/6/22,96,596,2185,392,5935592,4786740,4687825,3503161,17610,80.6,79,59,0.3
2/7/22,162,871,3905,1223,5935592,4786902,4688696,3507066,18833,80.6,79,59.1,0.32
2/8/22,140,1009,3391,1026,5935592,4787042,4689705,3510457,19859,80.6,79,59.1,0.33
2/9/22,157,908,3391,1217,5935592,4787199,4690613,3513848,21076,80.7,79,59.2,0.36
2/10/22,145,794,3089,993,5935592,4787344,4691407,3516937,22069,80.7,79,59.3,0.37
2/11/22,155,977,3104,708,5935592,4787499,4692384,3520041,22777,80.7,79.1,59.3,0.38
2/12/22,95,742,1784,253,5935592,4787594,4693126,3521825,23030,80.7,79.1,59.3,0.39
2/13/22,66,497,1578,174,5935592,4787660,4693623,3523403,23204,80.7,79.1,59.4,0.39
2/14/22,120,483,2221,445,5935592,4787780,4694106,3525624,23649,80.7,79.1,59.4,0.4
2/15/22,106,446,1886,434,5935592,4787886,4694552,3527510,24083,80.7,79.1,59.4,0.41
2/16/22,126,549,1948,461,5935592,4788012,4695101,3529458,24544,80.7,79.1,59.5,0.41
2/17/22,137,494,1955,408,5935592,4788149,4695595,3531413,24952,80.7,79.1,59.5,0.42
2/18/22,124,516,1770,291,5935592,4788273,4696111,3533183,25243,80.7,79.1,59.5,0.43
2/19/22,69,306,850,97,5935592,4788342,4696417,3534033,25340,80.7,79.1,59.5,0.43
2/20/22,49,254,769,60,5935592,4788391,4696671,3534802,25400,80.7,79.1,59.6,0.43
2/21/22,87,396,1823,282,5935592,4788478,4697067,3536625,25682,80.7,79.1,59.6,0.43
2/22/22,108,429,1931,250,5935592,4788586,4697496,3538556,25932,80.7,79.1,59.6,0.44
2/23/22,96,451,1790,307,5935592,4788682,4697947,3540346,26239,80.7,79.1,59.6,0.44
2/24/22,108,480,1860,240,5935592,4788790,4698427,3542206,26479,80.7,79.2,59.7,0.45
2/25/22,87,410,1486,171,5935592,4788877,4698837,3543692,26650,80.7,79.2,59.7,0.45
2/26/22,70,302,851,34,5935592,4788947,4699139,3544543,26684,80.7,79.2,59.7,0.45
2/27/22,58,256,794,29,5935592,4789005,4699395,3545337,26713,80.7,79.2,59.7,0.45
2/28/22,75,330,1532,184,5935592,4789080,4699725,3546869,26897,80.7,79.2,59.8,0.45
3/1/22,94,305,1430,179,5935592,4789174,4700030,3548299,27076,80.7,79.2,59.8,0.46
3/2/22,91,367,1422,173,5935592,4789265,4700397,3549721,27249,80.7,79.2,59.8,0.46
3/3/22,85,269,1268,413,5935592,4789350,4700666,3550989,27662,80.7,79.2,59.8,0.47
3/4/22,65,278,1187,442,5935592,4789415,4700944,3552176,28104,80.7,79.2,59.8,0.47
3/5/22,60,217,819,162,5935592,4789475,4701161,3552995,28266,80.7,79.2,59.9,0.48
3/6/22,61,176,857,116,5935592,4789536,4701337,3553852,28382,80.7,79.2,59.9,0.48
3/7/22,72,236,1258,343,5935592,4789608,4701573,3555110,28725,80.7,79.2,59.9,0.48
3/8/22,58,194,1197,334,5935592,4789666,4701767,3556307,29059,80.7,79.2,59.9,0.49
3/9/22,59,224,1007,295,5935592,4789725,4701991,3557314,29354,80.7,79.2,59.9,0.49
3/10/22,86,236,1161,318,5935592,4789811,4702227,3558475,29672,80.7,79.2,60,0.5
3/11/22,67,185,992,311,5935592,4789878,4702412,3559467,29983,80.7,79.2,60,0.51
3/12/22,32,113,413,90,5935592,4789910,4702525,3559880,30073,80.7,79.2,60,0.51
3/13/22,55,153,873,76,5935592,4789965,4702678,3560753,30149,80.7,79.2,60,0.51
3/14/22,77,165,1088,324,5935592,4790042,4702843,3561841,30473,80.7,79.2,60,0.51
3/15/22,61,205,1100,243,5935592,4790103,4703048,3562941,30716,80.7,79.2,60,0.52
3/16/22,59,180,919,239,5935592,4790162,4703228,3563860,30955,80.7,79.2,60,0.52
3/17/22,65,213,1048,214,5935592,4790227,4703441,3564908,31169,80.7,79.2,60.1,0.53
3/18/22,56,124,840,207,5935592,4790283,4703565,3565748,31376,80.7,79.2,60.1,0.53
3/19/22,28,110,412,69,5935592,4790311,4703675,3566160,31445,80.7,79.2,60.1,0.53
3/20/22,43,170,791,104,5935592,4790354,4703845,3566951,31549,80.7,79.2,60.1,0.53
3/21/22,62,140,926,213,5935592,4790416,4703985,3567877,31762,80.7,79.3,60.1,0.54
3/22/22,81,152,876,163,5935592,4790497,4704137,3568753,31925,80.7,79.3,60.1,0.54
3/23/22,39,114,742,152,5935592,4790536,4704251,3569495,32077,80.7,79.3,60.1,0.54
3/24/22,62,163,845,169,5935592,4790598,4704414,3570340,32246,80.7,79.3,60.2,0.54
3/25/22,78,157,748,163,5935592,4790676,4704571,3571088,32409,80.7,79.3,60.2,0.55
3/26/22,28,102,331,45,5935592,4790704,4704673,3571419,32454,80.7,79.3,60.2,0.55
3/27/22,62,117,579,59,5935592,4790766,4704790,3571998,32513,80.7,79.3,60.2,0.55
3/28/22,62,168,963,233,5935592,4790828,4704958,3572961,32746,80.7,79.3,60.2,0.55
3/29/22,56,112,721,129,5935592,4790884,4705070,3573682,32875,80.7,79.3,60.2,0.55
3/30/22,49,124,721,136,5935592,4790933,4705194,3574403,33011,80.7,79.3,60.2,0.56
3/31/22,65,115,732,125,5935592,4790998,4705309,3575135,33136,80.7,79.3,60.2,0.56
4/1/22,36,90,551,147,5935592,4791034,4705399,3575686,33283,80.7,79.3,60.2,0.56
4/2/22,30,79,349,69,5935592,4791064,4705478,3576035,33352,80.7,79.3,60.2,0.56
4/3/22,55,101,618,79,5935592,4791119,4705579,3576653,33431,80.7,79.3,60.3,0.56
4/4/22,67,91,770,172,5935592,4791186,4705670,3577423,33603,80.7,79.3,60.3,0.57
4/5/22,41,78,632,90,5935592,4791227,4705748,3578055,33693,80.7,79.3,60.3,0.57
4/6/22,62,106,667,111,5935592,4791289,4705854,3578722,33804,80.7,79.3,60.3,0.57
4/7/22,43,72,447,109,5935592,4791332,4705926,3579169,33913,80.7,79.3,60.3,0.57
4/8/22,41,93,584,134,5935592,4791373,4706019,3579753,34047,80.7,79.3,60.3,0.57
4/9/22,67,105,469,36,5935592,4791440,4706124,3580222,34083,80.7,79.3,60.3,0.57
4/10/22,41,82,529,51,5935592,4791481,4706206,3580751,34134,80.7,79.3,60.3,0.58
4/11/22,82,160,950,146,5935592,4791563,4706366,3581701,34280,80.7,79.3,60.3,0.58
4/12/22,52,106,550,70,5935592,4791615,4706472,3582251,34350,80.7,79.3,60.4,0.58
4/13/22,89,123,618,66,5935592,4791704,4706595,3582869,34416,80.7,79.3,60.4,0.58
4/14/22,7,22,74,3,5935592,4791711,4706617,3582943,34419,80.7,79.3,60.4,0.58
4/15/22,18,23,135,5,5935592,4791729,4706640,3583078,34424,80.7,79.3,60.4,0.58
4/16/22,23,53,201,24,5935592,4791752,4706693,3583279,34448,80.7,79.3,60.4,0.58
4/17/22,23,17,68,6,5935592,4791775,4706710,3583347,34454,80.7,79.3,60.4,0.58
4/18/22,15,39,239,11,5935592,4791790,4706749,3583586,34465,80.7,79.3,60.4,0.58
4/19/22,55,87,595,69,5935592,4791845,4706836,3584181,34534,80.7,79.3,60.4,0.58
4/20/22,61,104,658,75,5935592,4791906,4706940,3584839,34609,80.7,79.3,60.4,0.58
4/21/22,51,95,483,68,5935592,4791957,4707035,3585322,34677,80.7,79.3,60.4,0.58
4/22/22,62,120,537,88,5935592,4792019,4707155,3585859,34765,80.7,79.3,60.4,0.59
4/23/22,67,112,423,25,5935592,4792086,4707267,3586282,34790,80.7,79.3,60.4,0.59
4/24/22,44,100,438,24,5935592,4792130,4707367,3586720,34814,80.7,79.3,60.4,0.59
4/25/22,85,138,883,92,5935592,4792215,4707505,3587603,34906,80.7,79.3,60.4,0.59
4/26/22,39,84,574,55,5935592,4792254,4707589,3588177,34961,80.7,79.3,60.5,0.59
4/27/22,49,96,589,62,5935592,4792303,4707685,3588766,35023,80.7,79.3,60.5,0.59
4/28/22,57,100,516,61,5935592,4792360,4707785,3589282,35084,80.7,79.3,60.5,0.59
4/29/22,60,92,503,71,5935592,4792420,4707877,3589785,35155,80.7,79.3,60.5,0.59
4/30/22,42,74,373,25,5935592,4792462,4707951,3590158,35180,80.7,79.3,60.5,0.59
5/1/22,58,79,503,35,5935592,4792520,4708030,3590661,35215,80.7,79.3,60.5,0.59
5/2/22,67,102,787,79,5935592,4792587,4708132,3591448,35294,80.7,79.3,60.5,0.59
5/3/22,79,72,637,44,5935592,4792666,4708204,3592085,35338,80.7,79.3,60.5,0.6
5/4/22,71,97,672,53,5935592,4792737,4708301,3592757,35391,80.7,79.3,60.5,0.6
5/5/22,76,58,584,39,5935592,4792813,4708359,3593341,35430,80.7,79.3,60.5,0.6
5/6/22,63,73,521,50,5935592,4792876,4708432,3593862,35480,80.7,79.3,60.5,0.6
5/7/22,63,60,404,17,5935592,4792939,4708492,3594266,35497,80.7,79.3,60.6,0.6
5/8/22,73,71,477,26,5935592,4793012,4708563,3594743,35523,80.8,79.3,60.6,0.6
5/9/22,74,94,885,69,5935592,4793086,4708657,3595628,35592,80.8,79.3,60.6,0.6
5/10/22,58,63,622,41,5935592,4793144,4708720,3596250,35633,80.8,79.3,60.6,0.6
5/11/22,67,87,588,35,5935592,4793211,4708807,3596838,35668,80.8,79.3,60.6,0.6
5/12/22,64,78,558,49,5935592,4793275,4708885,3597396,35717,80.8,79.3,60.6,0.6
5/13/22,28,26,128,8,5935592,4793303,4708911,3597524,35725,80.8,79.3,60.6,0.6
5/14/22,53,95,420,13,5935592,4793356,4709006,3597944,35738,80.8,79.3,60.6,0.6
5/15/22,64,80,408,15,5935592,4793420,4709086,3598352,35753,80.8,79.3,60.6,0.6
5/16/22,79,98,713,56,5935592,4793499,4709184,3599065,35809,80.8,79.3,60.6,0.6
5/17/22,62,87,656,27,5935592,4793561,4709271,3599721,35836,80.8,79.3,60.6,0.6
5/18/22,63,100,558,31,5935592,4793624,4709371,3600279,35867,80.8,79.3,60.7,0.6
5/19/22,44,60,435,22,5935592,4793668,4709431,3600714,35889,80.8,79.3,60.7,0.6
5/20/22,51,71,452,29,5935592,4793719,4709502,3601166,35918,80.8,79.3,60.7,0.61
5/21/22,72,117,414,15,5935592,4793791,4709619,3601580,35933,80.8,79.3,60.7,0.61
5/22/22,63,90,505,8,5935592,4793854,4709709,3602085,35941,80.8,79.3,60.7,0.61
5/23/22,87,91,732,46,5935592,4793941,4709800,3602817,35987,80.8,79.3,60.7,0.61
5/24/22,52,107,681,38,5935592,4793993,4709907,3603498,36025,80.8,79.4,60.7,0.61
5/25/22,101,155,618,58,5935592,4794094,4710062,3604116,36083,80.8,79.4,60.7,0.61
5/26/22,26,34,193,10,5935592,4794120,4710096,3604309,36093,80.8,79.4,60.7,0.61
5/27/22,46,83,351,21,5935592,4794166,4710179,3604660,36114,80.8,79.4,60.7,0.61
5/28/22,5,17,72,6,5935592,4794171,4710196,3604732,36120,80.8,79.4,60.7,0.61
5/29/22,71,162,515,17,5935592,4794242,4710358,3605247,36137,80.8,79.4,60.7,0.61
5/30/22,52,93,539,39,5935592,4794294,4710451,3605786,36176,80.8,79.4,60.7,0.61
5/31/22,41,91,439,46,5935592,4794335,4710542,3606225,36222,80.8,79.4,60.8,0.61
6/1/22,88,124,652,36,5935592,4794423,4710666,3606877,36258,80.8,79.4,60.8,0.61
6/2/22,58,108,427,25,5935592,4794481,4710774,3607304,36283,80.8,79.4,60.8,0.61
6/3/22,29,75,357,23,5935592,4794510,4710849,3607661,36306,80.8,79.4,60.8,0.61
6/4/22,14,21,125,9,5935592,4794524,4710870,3607786,36315,80.8,79.4,60.8,0.61
6/5/22,34,73,414,6,5935592,4794558,4710943,3608200,36321,80.8,79.4,60.8,0.61
6/6/22,7,22,74,4,5935592,4794565,4710965,3608274,36325,80.8,79.4,60.8,0.61
6/7/22,43,82,400,20,5935592,4794608,4711047,3608674,36345,80.8,79.4,60.8,0.61
6/8/22,75,155,760,56,5935592,4794683,4711202,3609434,36401,80.8,79.4,60.8,0.61
6/9/22,43,87,445,34,5935592,4794726,4711289,3609879,36435,80.8,79.4,60.8,0.61
6/10/22,33,86,416,32,5935592,4794759,4711375,3610295,36467,80.8,79.4,60.8,0.61
6/11/22,20,36,148,13,5935592,4794779,4711411,3610443,36480,80.8,79.4,60.8,0.61
6/12/22,35,168,617,37,5935592,4794814,4711579,3611060,36517,80.8,79.4,60.8,0.62
6/13/22,40,140,777,56,5935592,4794854,4711719,3611837,36573,80.8,79.4,60.9,0.62
6/14/22,32,83,432,48,5935592,4794886,4711802,3612269,36621,80.8,79.4,60.9,0.62
6/15/22,70,147,867,81,5935592,4794956,4711949,3613136,36702,80.8,79.4,60.9,0.62
6/16/22,47,77,535,48,5935592,4795003,4712026,3613671,36750,80.8,79.4,60.9,0.62
6/17/22,35,102,405,55,5935592,4795038,4712128,3614076,36805,80.8,79.4,60.9,0.62
6/18/22,6,20,111,8,5935592,4795044,4712148,3614187,36813,80.8,79.4,60.9,0.62
6/19/22,31,103,576,29,5935592,4795075,4712251,3614763,36842,80.8,79.4,60.9,0.62
6/20/22,30,114,796,88,5935592,4795105,4712365,3615559,36930,80.8,79.4,60.9,0.62
6/21/22,26,70,405,38,5935592,4795131,4712435,3615964,36968,80.8,79.4,60.9,0.62
6/22/22,52,162,937,93,5935592,4795183,4712597,3616901,37061,80.8,79.4,60.9,0.62
6/23/22,37,94,473,56,5935592,4795220,4712691,3617374,37117,80.8,79.4,60.9,0.63
6/24/22,43,76,397,65,5935592,4795263,4712767,3617771,37182,80.8,79.4,61,0.63
6/25/22,6,25,112,8,5935592,4795269,4712792,3617883,37190,80.8,79.4,61,0.63
6/26/22,24,78,476,27,5935592,4795293,4712870,3618359,37217,80.8,79.4,61,0.63
6/27/22,43,92,835,76,5935592,4795336,4712962,3619194,37293,80.8,79.4,61,0.63
6/28/22,17,61,491,48,5935592,4795353,4713023,3619685,37341,80.8,79.4,61,0.63
6/29/22,65,121,815,142,5935592,4795418,4713144,3620500,37483,80.8,79.4,61,0.63
6/30/22,30,80,429,123,5935592,4795448,4713224,3620929,37606,80.8,79.4,61,0.63
7/1/22,25,29,285,115,5935592,4795473,4713253,3621214,37721,80.8,79.4,61,0.64
7/2/22,6,18,119,18,5935592,4795479,4713271,3621333,37739,80.8,79.4,61,0.64
7/3/22,29,59,423,38,5935592,4795508,4713330,3621756,37777,80.8,79.4,61,0.64
7/4/22,29,74,626,101,5935592,4795537,4713404,3622382,37878,80.8,79.4,61,0.64
7/5/22,12,51,403,120,5935592,4795549,4713455,3622785,37998,80.8,79.4,61,0.64
7/6/22,35,94,643,163,5935592,4795584,4713549,3623428,38161,80.8,79.4,61,0.64
7/7/22,36,67,463,153,5935592,4795620,4713616,3623891,38314,80.8,79.4,61.1,0.65
7/8/22,25,47,258,183,5935592,4795645,4713663,3624149,38497,80.8,79.4,61.1,0.65
7/9/22,3,7,43,17,5935592,4795648,4713670,3624192,38514,80.8,79.4,61.1,0.65
7/10/22,30,44,395,61,5935592,4795678,4713714,3624587,38575,80.8,79.4,61.1,0.65
7/11/22,19,53,482,144,5935592,4795697,4713767,3625069,38719,80.8,79.4,61.1,0.65
7/12/22,23,35,292,233,5935592,4795720,4713802,3625361,38952,80.8,79.4,61.1,0.66
7/13/22,58,58,447,281,5935592,4795778,4713860,3625808,39233,80.8,79.4,61.1,0.66
7/14/22,32,56,374,391,5935592,4795810,4713916,3626182,39624,80.8,79.4,61.1,0.67
7/15/22,18,29,207,202,5935592,4795828,4713945,3626389,39826,80.8,79.4,61.1,0.67
7/16/22,5,5,57,27,5935592,4795833,4713950,3626446,39853,80.8,79.4,61.1,0.67
7/17/22,11,29,290,55,5935592,4795844,4713979,3626736,39908,80.8,79.4,61.1,0.67
7/18/22,27,43,342,170,5935592,4795871,4714022,3627078,40078,80.8,79.4,61.1,0.68
7/19/22,26,27,192,154,5935592,4795897,4714049,3627270,40232,80.8,79.4,61.1,0.68
7/20/22,41,58,253,246,5935592,4795938,4714107,3627523,40478,80.8,79.4,61.1,0.68
7/21/22,34,36,202,334,5935592,4795972,4714143,3627725,40812,80.8,79.4,61.1,0.69
7/22/22,9,19,123,268,5935592,4795981,4714162,3627848,41080,80.8,79.4,61.1,0.69
7/23/22,5,7,38,26,5935592,4795986,4714169,3627886,41106,80.8,79.4,61.1,0.69
7/24/22,26,25,210,114,5935592,4796012,4714194,3628096,41220,80.8,79.4,61.1,0.69
7/25/22,21,54,267,281,5935592,4796033,4714248,3628363,41501,80.8,79.4,61.1,0.7
7/26/22,12,26,162,369,5935592,4796045,4714274,3628525,41870,80.8,79.4,61.1,0.71
7/27/22,37,48,268,470,5935592,4796082,4714322,3628793,42340,80.8,79.4,61.1,0.71
7/28/22,24,43,188,404,5935592,4796106,4714365,3628981,42744,80.8,79.4,61.1,0.72
7/29/22,15,19,92,396,5935592,4796121,4714384,3629073,43140,80.8,79.4,61.1,0.73
7/30/22,6,3,24,42,5935592,4796127,4714387,3629097,43182,80.8,79.4,61.1,0.73
7/31/22,18,30,176,126,5935592,4796145,4714417,3629273,43308,80.8,79.4,61.1,0.73
8/1/22,19,36,179,226,5935592,4796164,4714453,3629452,43534,80.8,79.4,61.1,0.73
8/2/22,18,23,150,345,5935592,4796182,4714476,3629602,43879,80.8,79.4,61.1,0.74
8/3/22,22,51,203,454,5935592,4796204,4714527,3629805,44333,80.8,79.4,61.2,0.75
8/4/22,15,31,148,359,5935592,4796219,4714558,3629953,44692,80.8,79.4,61.2,0.75
8/5/22,23,52,127,308,5935592,4796242,4714610,3630080,45000,80.8,79.4,61.2,0.76
8/6/22,2,5,27,46,5935592,4796244,4714615,3630107,45046,80.8,79.4,61.2,0.76
8/7/22,15,30,122,88,5935592,4796259,4714645,3630229,45134,80.8,79.4,61.2,0.76
8/8/22,27,42,171,208,5935592,4796286,4714687,3630400,45342,80.8,79.4,61.2,0.76
8/9/22,22,39,116,415,5935592,4796308,4714726,3630516,45757,80.8,79.4,61.2,0.77
8/10/22,29,51,206,539,5935592,4796337,4714777,3630722,46296,80.8,79.4,61.2,0.78
8/11/22,26,38,149,545,5935592,4796363,4714815,3630871,46841,80.8,79.4,61.2,0.79
8/12/22,12,21,103,369,5935592,4796375,4714836,3630974,47210,80.8,79.4,61.2,0.8
8/13/22,1,4,27,28,5935592,4796376,4714840,3631001,47238,80.8,79.4,61.2,0.8
8/14/22,21,29,104,91,5935592,4796397,4714869,3631105,47329,80.8,79.4,61.2,0.8
8/15/22,14,21,125,354,5935592,4796411,4714890,3631230,47683,80.8,79.4,61.2,0.8
8/16/22,12,23,75,359,5935592,4796423,4714913,3631305,48042,80.8,79.4,61.2,0.81
8/17/22,29,44,145,401,5935592,4796452,4714957,3631450,48443,80.8,79.4,61.2,0.82
8/18/22,23,36,126,383,5935592,4796475,4714993,3631576,48826,80.8,79.4,61.2,0.82
8/19/22,15,23,82,337,5935592,4796490,4715016,3631658,49163,80.8,79.4,61.2,0.83
8/20/22,1,6,6,13,5935592,4796491,4715022,3631664,49176,80.8,79.4,61.2,0.83
8/21/22,16,32,92,70,5935592,4796507,4715054,3631756,49246,80.8,79.4,61.2,0.83
8/22/22,25,23,166,242,5935592,4796532,4715077,3631922,49488,80.8,79.4,61.2,0.83
8/23/22,14,16,97,385,5935592,4796546,4715093,3632019,49873,80.8,79.4,61.2,0.84
8/24/22,22,44,153,461,5935592,4796568,4715137,3632172,50334,80.8,79.4,61.2,0.85
8/25/22,23,29,110,330,5935592,4796591,4715166,3632282,50664,80.8,79.4,61.2,0.85
8/26/22,16,18,87,251,5935592,4796607,4715184,3632369,50915,80.8,79.4,61.2,0.86
8/27/22,3,6,31,38,5935592,4796610,4715190,3632400,50953,80.8,79.4,61.2,0.86
8/28/22,12,36,85,62,5935592,4796622,4715226,3632485,51015,80.8,79.4,61.2,0.86
8/29/22,19,24,134,347,5935592,4796641,4715250,3632619,51362,80.8,79.4,61.2,0.87
8/30/22,19,23,75,342,5935592,4796660,4715273,3632694,51704,80.8,79.4,61.2,0.87
8/31/22,23,34,134,397,5935592,4796683,4715307,3632828,52101,80.8,79.4,61.2,0.88
9/1/22,18,17,81,351,5935592,4796701,4715324,3632909,52452,80.8,79.4,61.2,0.88
9/2/22,9,15,69,197,5935592,4796710,4715339,3632978,52649,80.8,79.4,61.2,0.89
9/3/22,7,4,36,18,5935592,4796717,4715343,3633014,52667,80.8,79.4,61.2,0.89
9/4/22,20,34,115,58,5935592,4796737,4715377,3633129,52725,80.8,79.4,61.2,0.89
9/5/22,24,23,144,174,5935592,4796761,4715400,3633273,52899,80.8,79.4,61.2,0.89
9/6/22,11,16,87,158,5935592,4796772,4715416,3633360,53057,80.8,79.4,61.2,0.89
9/7/22,23,30,136,270,5935592,4796795,4715446,3633496,53327,80.8,79.4,61.2,0.9
9/8/22,21,23,101,191,5935592,4796816,4715469,3633597,53518,80.8,79.4,61.2,0.9
9/9/22,14,9,77,152,5935592,4796830,4715478,3633674,53670,80.8,79.4,61.2,0.9
9/10/22,7,4,28,22,5935592,4796837,4715482,3633702,53692,80.8,79.4,61.2,0.9
9/11/22,9,18,130,52,5935592,4796846,4715500,3633832,53744,80.8,79.4,61.2,0.91
9/12/22,36,23,98,114,5935592,4796882,4715523,3633930,53858,80.8,79.4,61.2,0.91
9/13/22,13,13,49,209,5935592,4796895,4715536,3633979,54067,80.8,79.4,61.2,0.91
9/14/22,19,19,74,277,5935592,4796914,4715555,3634053,54344,80.8,79.4,61.2,0.92
9/15/22,30,36,242,6184,5935592,4796944,4715591,3634295,60528,80.8,79.4,61.2,1.02
9/16/22,27,15,237,5525,5935592,4796971,4715606,3634532,66053,80.8,79.4,61.2,1.11
9/17/22,3,5,35,784,5935592,4796974,4715611,3634567,66837,80.8,79.4,61.2,1.13
9/18/22,10,3,75,643,5935592,4796984,4715614,3634642,67480,80.8,79.4,61.2,1.14
9/19/22,41,21,289,8396,5935592,4797025,4715635,3634931,75876,80.8,79.4,61.2,1.28
9/20/22,22,22,320,9589,5935592,4797047,4715657,3635251,85465,80.8,79.4,61.2,1.44
9/21/22,38,34,328,8814,5935592,4797085,4715691,3635579,94279,80.8,79.4,61.3,1.59
9/22/22,29,36,323,7922,5935592,4797114,4715727,3635902,102201,80.8,79.4,61.3,1.72
9/23/22,17,21,229,5552,5935592,4797131,4715748,3636131,107753,80.8,79.4,61.3,1.82
9/24/22,2,1,42,928,5935592,4797133,4715749,3636173,108681,80.8,79.4,61.3,1.83
9/25/22,6,12,89,1067,5935592,4797139,4715761,3636262,109748,80.8,79.4,61.3,1.85
9/26/22,19,28,306,5051,5935592,4797158,4715789,3636568,114799,80.8,79.4,61.3,1.93
9/27/22,21,7,284,4811,5935592,4797179,4715796,3636852,119610,80.8,79.4,61.3,2.02
9/28/22,33,31,336,5323,5935592,4797212,4715827,3637188,124933,80.8,79.4,61.3,2.1
9/29/22,30,35,329,4625,5935592,4797242,4715862,3637517,129558,80.8,79.5,61.3,2.18
9/30/22,20,14,196,3507,5935592,4797262,4715876,3637713,133065,80.8,79.5,61.3,2.24
10/1/22,8,6,143,32149,5935592,4797270,4715882,3637856,165214,80.8,79.5,61.3,2.78
10/2/22,4,5,99,22356,5935592,4797274,4715887,3637955,187570,80.8,79.5,61.3,3.16
10/3/22,32,27,687,115620,5935592,4797306,4715914,3638642,303190,80.8,79.5,61.3,5.11
10/4/22,41,26,676,104345,5935592,4797347,4715940,3639318,407535,80.8,79.5,61.3,6.87
10/5/22,43,24,685,92144,5935592,4797390,4715964,3640003,499679,80.8,79.5,61.3,8.42
10/6/22,35,17,601,85482,5935592,4797425,4715981,3640604,585161,80.8,79.5,61.3,9.86
10/7/22,39,24,497,65264,5935592,4797464,4716005,3641101,650425,80.8,79.5,61.3,11
10/8/22,13,3,156,28501,5935592,4797477,4716008,3641257,678926,80.8,79.5,61.3,11.4
10/9/22,9,5,145,21345,5935592,4797486,4716013,3641402,700271,80.8,79.5,61.3,11.8
10/10/22,33,25,571,71187,5935592,4797519,4716038,3641973,771458,80.8,79.5,61.4,13
10/11/22,26,28,634,69684,5935592,4797545,4716066,3642607,841142,80.8,79.5,61.4,14.2
10/12/22,34,36,748,73429,5935592,4797579,4716102,3643355,914571,80.8,79.5,61.4,15.4
10/13/22,30,26,677,69246,5935592,4797609,4716128,3644032,983817,80.8,79.5,61.4,16.6
10/14/22,29,26,506,51552,5935592,4797638,4716154,3644538,1035369,80.8,79.5,61.4,17.4
10/15/22,5,12,188,25976,5935592,4797643,4716166,3644726,1061345,80.8,79.5,61.4,17.9
10/16/22,8,6,118,19338,5935592,4797651,4716172,3644844,1080683,80.8,79.5,61.4,18.2
10/17/22,33,38,392,49193,5935592,4797684,4716210,3645236,1129876,80.8,79.5,61.4,19
10/18/22,21,17,444,45664,5935592,4797705,4716227,3645680,1175540,80.8,79.5,61.4,19.8
10/19/22,30,31,508,47032,5935592,4797735,4716258,3646188,1222572,80.8,79.5,61.4,20.6
10/20/22,15,14,413,45022,5935592,4797750,4716272,3646601,1267594,80.8,79.5,61.4,21.4
10/21/22,15,30,382,36989,5935592,4797765,4716302,3646983,1304583,80.8,79.5,61.4,22
10/22/22,6,9,140,20503,5935592,4797771,4716311,3647123,1325086,80.8,79.5,61.4,22.3
10/23/22,8,10,142,16192,5935592,4797779,4716321,3647265,1341278,80.8,79.5,61.4,22.6
10/24/22,26,22,481,43775,5935592,4797805,4716343,3647746,1385053,80.8,79.5,61.5,23.3
10/25/22,25,21,557,40723,5935592,4797830,4716364,3648303,1425776,80.8,79.5,61.5,24
10/26/22,21,44,610,40452,5935592,4797851,4716408,3648913,1466228,80.8,79.5,61.5,24.7
10/27/22,21,32,600,38867,5935592,4797872,4716440,3649513,1505095,80.8,79.5,61.5,25.4
10/28/22,44,21,433,28948,5935592,4797916,4716461,3649946,1534043,80.8,79.5,61.5,25.8
10/29/22,14,16,116,10490,5935592,4797930,4716477,3650062,1544533,80.8,79.5,61.5,26
10/30/22,6,8,79,7062,5935592,4797936,4716485,3650141,1551595,80.8,79.5,61.5,26.1
10/31/22,31,19,439,26256,5935592,4797967,4716504,3650580,1577851,80.8,79.5,61.5,26.6
11/1/22,16,13,392,20733,5935592,4797983,4716517,3650972,1598584,80.8,79.5,61.5,26.9
11/2/22,32,22,423,22592,5935592,4798015,4716539,3651395,1621176,80.8,79.5,61.5,27.3
11/3/22,19,21,423,20086,5935592,4798034,4716560,3651818,1641262,80.8,79.5,61.5,27.7
11/4/22,18,10,327,17072,5935592,4798052,4716570,3652145,1658334,80.8,79.5,61.5,27.9
11/5/22,8,9,136,8090,5935592,4798060,4716579,3652281,1666424,80.8,79.5,61.5,28.1
11/6/22,10,13,94,6591,5935592,4798070,4716592,3652375,1673015,80.8,79.5,61.5,28.2
11/7/22,38,29,374,19810,5935592,4798108,4716621,3652749,1692825,80.8,79.5,61.5,28.5
11/8/22,21,18,415,18116,5935592,4798129,4716639,3653164,1710941,80.8,79.5,61.5,28.8
11/9/22,23,30,409,17330,5935592,4798152,4716669,3653573,1728271,80.8,79.5,61.6,29.1
11/10/22,17,12,453,16843,5935592,4798169,4716681,3654026,1745114,80.8,79.5,61.6,29.4
11/11/22,15,16,320,13033,5935592,4798184,4716697,3654346,1758147,80.8,79.5,61.6,29.6
11/12/22,6,6,92,4121,5935592,4798190,4716703,3654438,1762268,80.8,79.5,61.6,29.7
11/13/22,5,10,60,3021,5935592,4798195,4716713,3654498,1765289,80.8,79.5,61.6,29.7
11/14/22,11,29,358,11705,5935592,4798206,4716742,3654856,1776994,80.8,79.5,61.6,29.9
11/15/22,21,31,316,10168,5935592,4798227,4716773,3655172,1787162,80.8,79.5,61.6,30.1
11/16/22,21,17,345,10377,5935592,4798248,4716790,3655517,1797539,80.8,79.5,61.6,30.3
11/17/22,17,12,282,8692,5935592,4798265,4716802,3655799,1806231,80.8,79.5,61.6,30.4
11/18/22,9,26,248,7220,5935592,4798274,4716828,3656047,1813451,80.8,79.5,61.6,30.6
11/19/22,4,5,61,1572,5935592,4798278,4716833,3656108,1815023,80.8,79.5,61.6,30.6
11/20/22,4,10,37,1112,5935592,4798282,4716843,3656145,1816135,80.8,79.5,61.6,30.6
11/21/22,12,22,270,7366,5935592,4798294,4716865,3656415,1823501,80.8,79.5,61.6,30.7
11/22/22,33,17,222,6026,5935592,4798327,4716882,3656637,1829527,80.8,79.5,61.6,30.8
11/23/22,18,19,252,5859,5935592,4798345,4716901,3656889,1835386,80.8,79.5,61.6,30.9
11/24/22,22,14,204,5530,5935592,4798367,4716915,3657093,1840916,80.8,79.5,61.6,31
11/25/22,27,19,209,4194,5935592,4798394,4716934,3657302,1845110,80.8,79.5,61.6,31.1
11/26/22,7,7,32,1071,5935592,4798401,4716941,3657334,1846181,80.8,79.5,61.6,31.1
11/27/22,1,6,27,670,5935592,4798402,4716947,3657361,1846851,80.8,79.5,61.6,31.1
11/28/22,19,39,220,5226,5935592,4798421,4716986,3657581,1852077,80.8,79.5,61.6,31.2
11/29/22,12,21,220,4717,5935592,4798433,4717007,3657801,1856794,80.8,79.5,61.6,31.3
11/30/22,20,30,225,4535,5935592,4798453,4717037,3658026,1861329,80.8,79.5,61.6,31.4
12/1/22,12,11,183,3484,5935592,4798465,4717048,3658209,1864813,80.8,79.5,61.6,31.4
12/2/22,9,6,114,2467,5935592,4798474,4717054,3658323,1867280,80.8,79.5,61.6,31.5
12/3/22,10,6,32,963,5935592,4798484,4717060,3658355,1868243,80.8,79.5,61.6,31.5
12/4/22,5,4,46,617,5935592,4798489,4717064,3658401,1868860,80.8,79.5,61.6,31.5
12/5/22,14,19,196,2924,5935592,4798503,4717083,3658597,1871784,80.8,79.5,61.6,31.5
12/6/22,11,13,192,2908,5935592,4798514,4717096,3658789,1874692,80.8,79.5,61.6,31.6
12/7/22,16,17,187,2776,5935592,4798530,4717113,3658976,1877468,80.8,79.5,61.6,31.6
12/8/22,5,13,176,2974,5935592,4798535,4717126,3659152,1880442,80.8,79.5,61.6,31.7
12/9/22,8,4,101,1682,5935592,4798543,4717130,3659253,1882124,80.8,79.5,61.6,31.7
12/10/22,4,2,34,663,5935592,4798547,4717132,3659287,1882787,80.8,79.5,61.6,31.7
12/11/22,5,9,26,609,5935592,4798552,4717141,3659313,1883396,80.8,79.5,61.7,31.7
12/12/22,12,18,176,2277,5935592,4798564,4717159,3659489,1885673,80.8,79.5,61.7,31.8
12/13/22,10,12,129,2145,5935592,4798574,4717171,3659618,1887818,80.8,79.5,61.7,31.8
12/14/22,12,10,159,1962,5935592,4798586,4717181,3659777,1889780,80.8,79.5,61.7,31.8
12/15/22,17,20,152,2050,5935592,4798603,4717201,3659929,1891830,80.8,79.5,61.7,31.9
12/16/22,8,8,86,1136,5935592,4798611,4717209,3660015,1892966,80.8,79.5,61.7,31.9
12/17/22,6,3,22,468,5935592,4798617,4717212,3660037,1893434,80.8,79.5,61.7,31.9
12/18/22,9,7,45,537,5935592,4798626,4717219,3660082,1893971,80.8,79.5,61.7,31.9
12/19/22,12,23,126,1373,5935592,4798638,4717242,3660208,1895344,80.8,79.5,61.7,31.9
12/20/22,11,5,104,1177,5935592,4798649,4717247,3660312,1896521,80.8,79.5,61.7,32
12/21/22,8,17,124,1125,5935592,4798657,4717264,3660436,1897646,80.8,79.5,61.7,32
12/22/22,11,13,66,1008,5935592,4798668,4717277,3660502,1898654,80.8,79.5,61.7,32